SCHID,SCH_PSDISC_OOMOOS_BL_M,SCH_PSDISC_OOMOOS_WH_M,TOT_PSDISC
100000,5.0,1,6
100001,4.0,3,7
100002,4.0,3,7
100003,5.0,3,8
100004,5.0,5,10
100005,3.0,5,8
100006,5.0,5,10
100007,4.0,3,7
100008,6.0,1,7
100009,7.0,2,9
100010,2.0,2,4
100011,5.0,0,5
100012,5.0,2,7
100013,6.0,2,8
100014,4.0,1,5
100015,6.0,2,8
100016,,2,8
100017,1.0,4,5
100018,7.0,1,8
100019,2.0,7,9
100020,11.0,5,16
100021,4.0,2,6
100022,,1,4
100023,8.0,2,10
100024,3.0,4,7
100025,3.0,1,4
100026,5.0,3,8
100027,8.0,8,16
100028,3.0,2,5
100029,2.0,3,5
100030,5.0,2,7
100031,3.0,2,5
100032,8.0,4,12
100033,10.0,9,19
100034,3.0,3,6
100035,2.0,5,7
100036,5.0,3,8
100037,7.0,1,8
100038,6.0,2,8
100039,6.0,2,8
100040,2.0,5,7
100041,4.0,5,9
100042,9.0,2,11
100043,7.0,2,9
100044,11.0,6,17
100045,8.0,2,10
100046,3.0,6,9
100047,2.0,3,5
100048,3.0,2,5
100049,4.0,3,7
100050,5.0,2,7
100051,5.0,5,10
100052,4.0,1,5
100053,,4,7
100054,8.0,4,12
100055,2.0,5,7
100056,1.0,4,5
100057,4.0,3,7
100058,5.0,3,8
100059,4.0,2,6
100060,3.0,1,4
100061,4.0,2,6
100062,8.0,5,13
100063,2.0,4,6
100064,2.0,2,4
100065,2.0,3,5
100066,7.0,2,9
100067,6.0,6,12
100068,7.0,4,11
100069,6.0,6,12
100070,7.0,3,10
100071,6.0,0,6
100072,4.0,2,6
100073,2.0,5,7
100074,3.0,4,7
100075,4.0,2,6
100076,7.0,1,8
100077,4.0,4,8
100078,3.0,6,9
100079,2.0,8,10
100080,6.0,2,8
100081,3.0,1,4
100082,5.0,3,8
100083,,2,11
100084,6.0,4,10
100085,6.0,2,8
100086,9.0,6,15
100087,4.0,2,6
100088,9.0,0,9
100089,2.0,4,6
100090,10.0,3,13
100091,6.0,3,9
100092,9.0,1,10
100093,4.0,5,9
100094,1.0,4,5
100095,6.0,2,8
100096,8.0,4,12
100097,6.0,4,10
100098,2.0,2,4
100099,3.0,4,7
100100,5.0,3,8
100101,3.0,3,6
100102,3.0,1,4
100103,5.0,4,9
100104,6.0,3,9
100105,5.0,2,7
100106,3.0,3,6
100107,5.0,3,8
100108,3.0,2,5
100109,3.0,4,7
100110,6.0,0,6
100111,5.0,1,6
100112,6.0,4,10
100113,2.0,2,4
100114,4.0,5,9
100115,7.0,3,10
100116,6.0,6,12
100117,5.0,3,8
100118,4.0,3,7
100119,3.0,3,6
100120,3.0,2,5
100121,7.0,3,10
100122,7.0,1,8
100123,6.0,5,11
100124,6.0,2,8
100125,7.0,0,7
100126,8.0,9,17
100127,6.0,3,9
100128,3.0,5,8
100129,,1,8
100130,,4,9
100131,5.0,4,9
100132,7.0,3,10
100133,4.0,4,8
100134,,2,11
100135,4.0,3,7
100136,5.0,5,10
100137,2.0,2,4
100138,6.0,3,9
100139,,2,5
100140,6.0,4,10
100141,2.0,1,3
100142,3.0,1,4
100143,5.0,3,8
100144,3.0,2,5
100145,4.0,3,7
100146,5.0,5,10
100147,6.0,2,8
100148,3.0,1,4
100149,3.0,4,7
100150,4.0,3,7
100151,5.0,6,11
100152,4.0,3,7
100153,2.0,4,6
100154,6.0,1,7
100155,6.0,6,12
100156,8.0,4,12
100157,1.0,4,5
100158,6.0,4,10
100159,2.0,4,6
100160,5.0,1,6
100161,2.0,2,4
100162,6.0,5,11
100163,4.0,2,6
100164,3.0,5,8
100165,5.0,2,7
100166,6.0,0,6
100167,3.0,3,6
100168,4.0,4,8
100169,8.0,1,9
100170,4.0,1,5
100171,10.0,4,14
100172,4.0,3,7
100173,5.0,3,8
100174,10.0,3,13
100175,,2,5
100176,,2,6
100177,7.0,3,10
100178,5.0,2,7
100179,10.0,4,14
100180,,2,6
100181,2.0,3,5
100182,3.0,1,4
100183,5.0,4,9
100184,8.0,2,10
100185,4.0,4,8
100186,3.0,3,6
100187,8.0,4,12
100188,6.0,5,11
100189,8.0,5,13
100190,3.0,3,6
100191,3.0,2,5
100192,5.0,2,7
100193,11.0,1,12
100194,7.0,3,10
100195,4.0,3,7
100196,3.0,1,4
100197,8.0,0,8
100198,8.0,2,10
100199,3.0,1,4
100200,3.0,5,8
100201,6.0,4,10
100202,2.0,3,5
100203,7.0,6,13
100204,5.0,5,10
100205,5.0,3,8
100206,6.0,6,12
100207,1.0,4,5
100208,10.0,1,11
100209,2.0,5,7
100210,5.0,8,13
100211,4.0,2,6
100212,5.0,2,7
100213,4.0,4,8
100214,5.0,4,9
100215,6.0,1,7
100216,1.0,0,1
100217,3.0,3,6
100218,2.0,2,4
100219,,6,11
100220,4.0,2,6
100221,7.0,2,9
100222,7.0,3,10
100223,2.0,4,6
100224,6.0,4,10
100225,7.0,1,8
100226,2.0,2,4
100227,7.0,8,15
100228,5.0,3,8
100229,7.0,3,10
100230,6.0,3,9
100231,5.0,2,7
100232,6.0,2,8
100233,5.0,2,7
100234,4.0,1,5
100235,7.0,5,12
100236,1.0,6,7
100237,,3,11
100238,4.0,6,10
100239,5.0,2,7
100240,3.0,3,6
100241,7.0,2,9
100242,2.0,3,5
100243,5.0,5,10
100244,10.0,3,13
100245,7.0,3,10
100246,7.0,3,10
100247,10.0,5,15
100248,1.0,4,5
100249,5.0,3,8
100250,3.0,1,4
100251,8.0,4,12
100252,7.0,1,8
100253,3.0,7,10
100254,1.0,5,6
100255,5.0,4,9
100256,3.0,7,10
100257,6.0,4,10
100258,3.0,7,10
100259,4.0,4,8
100260,5.0,3,8
100261,8.0,1,9
100262,7.0,3,10
100263,5.0,1,6
100264,4.0,4,8
100265,6.0,3,9
100266,8.0,3,11
100267,4.0,3,7
100268,3.0,2,5
100269,2.0,4,6
100270,3.0,6,9
100271,9.0,1,10
100272,5.0,6,11
100273,4.0,7,11
100274,7.0,2,9
100275,8.0,3,11
100276,4.0,1,5
100277,4.0,2,6
100278,8.0,2,10
100279,5.0,3,8
100280,5.0,3,8
100281,6.0,4,10
100282,7.0,0,7
100283,2.0,2,4
100284,1.0,3,4
100285,7.0,4,11
100286,5.0,1,6
100287,4.0,1,5
100288,4.0,3,7
100289,3.0,3,6
100290,8.0,3,11
100291,7.0,4,11
100292,1.0,2,3
100293,2.0,4,6
100294,4.0,5,9
100295,6.0,5,11
100296,4.0,5,9
100297,6.0,1,7
100298,8.0,1,9
100299,7.0,1,8
100300,5.0,5,10
100301,2.0,5,7
100302,1.0,5,6
100303,7.0,1,8
100304,4.0,2,6
100305,1.0,3,4
100306,6.0,3,9
100307,5.0,3,8
100308,,3,11
100309,5.0,1,6
100310,4.0,2,6
100311,10.0,1,11
100312,7.0,3,10
100313,4.0,6,10
100314,8.0,4,12
100315,5.0,5,10
100316,5.0,3,8
100317,5.0,1,6
100318,2.0,2,4
100319,3.0,5,8
100320,4.0,7,11
100321,9.0,5,14
100322,0.0,3,3
100323,5.0,4,9
100324,5.0,2,7
100325,,3,8
100326,5.0,4,9
100327,,1,5
100328,9.0,4,13
100329,6.0,4,10
100330,2.0,1,3
100331,6.0,0,6
100332,6.0,2,8
100333,6.0,3,9
100334,5.0,4,9
100335,2.0,3,5
100336,5.0,3,8
100337,3.0,2,5
100338,,3,6
100339,3.0,4,7
100340,6.0,6,12
100341,6.0,3,9
100342,4.0,5,9
100343,5.0,3,8
100344,5.0,3,8
100345,7.0,2,9
100346,5.0,3,8
100347,3.0,2,5
100348,4.0,2,6
100349,7.0,5,12
100350,5.0,4,9
100351,7.0,0,7
100352,8.0,2,10
100353,7.0,4,11
100354,5.0,5,10
100355,8.0,2,10
100356,,2,6
100357,6.0,4,10
100358,8.0,3,11
100359,6.0,4,10
100360,3.0,2,5
100361,8.0,4,12
100362,4.0,2,6
100363,7.0,0,7
100364,2.0,3,5
100365,,3,13
100366,6.0,5,11
100367,4.0,6,10
100368,5.0,2,7
100369,6.0,10,16
100370,4.0,3,7
100371,5.0,1,6
100372,,5,11
100373,3.0,3,6
100374,7.0,2,9
100375,7.0,2,9
100376,8.0,6,14
100377,4.0,1,5
100378,7.0,2,9
100379,3.0,5,8
100380,4.0,2,6
100381,4.0,4,8
100382,0.0,3,3
100383,1.0,3,4
100384,1.0,3,4
100385,7.0,1,8
100386,5.0,1,6
100387,5.0,4,9
100388,8.0,4,12
100389,3.0,2,5
100390,5.0,4,9
100391,3.0,2,5
100392,5.0,2,7
100393,,3,4
100394,7.0,3,10
100395,2.0,2,4
100396,4.0,2,6
100397,6.0,2,8
100398,7.0,1,8
100399,9.0,2,11
100400,4.0,3,7
100401,1.0,1,2
100402,4.0,3,7
100403,6.0,1,7
100404,3.0,1,4
100405,4.0,3,7
100406,2.0,4,6
100407,6.0,7,13
100408,8.0,2,10
100409,7.0,3,10
100410,2.0,2,4
100411,6.0,4,10
100412,9.0,1,10
100413,3.0,3,6
100414,8.0,6,14
100415,7.0,1,8
100416,,4,10
100417,10.0,3,13
100418,5.0,3,8
100419,5.0,2,7
100420,5.0,3,8
100421,5.0,4,9
100422,4.0,1,5
100423,10.0,3,13
100424,3.0,4,7
100425,2.0,4,6
100426,6.0,3,9
100427,4.0,2,6
100428,4.0,4,8
100429,8.0,6,14
100430,5.0,3,8
100431,4.0,7,11
100432,7.0,3,10
100433,4.0,2,6
100434,2.0,2,4
100435,2.0,5,7
100436,3.0,4,7
100437,3.0,1,4
100438,8.0,3,11
100439,6.0,1,7
100440,0.0,5,5
100441,8.0,4,12
100442,,0,5
100443,4.0,2,6
100444,5.0,2,7
100445,7.0,3,10
100446,6.0,6,12
100447,3.0,3,6
100448,4.0,3,7
100449,2.0,3,5
100450,4.0,3,7
100451,1.0,2,3
100452,9.0,1,10
100453,3.0,1,4
100454,1.0,2,3
100455,5.0,1,6
100456,4.0,4,8
100457,6.0,5,11
100458,,5,10
100459,8.0,2,10
100460,5.0,4,9
100461,7.0,2,9
100462,4.0,4,8
100463,1.0,4,5
100464,5.0,7,12
100465,,2,6
100466,3.0,2,5
100467,2.0,9,11
100468,,4,16
100469,5.0,5,10
100470,10.0,1,11
100471,6.0,0,6
100472,1.0,4,5
100473,6.0,3,9
100474,2.0,1,3
100475,4.0,6,10
100476,5.0,1,6
100477,8.0,0,8
100478,4.0,1,5
100479,2.0,1,3
100480,1.0,6,7
100481,8.0,3,11
100482,8.0,2,10
100483,4.0,7,11
100484,1.0,4,5
100485,9.0,2,11
100486,4.0,2,6
100487,2.0,3,5
100488,4.0,1,5
100489,3.0,1,4
100490,8.0,2,10
100491,9.0,3,12
100492,4.0,3,7
100493,4.0,6,10
100494,5.0,8,13
100495,11.0,2,13
100496,8.0,2,10
100497,6.0,2,8
100498,2.0,1,3
100499,8.0,3,11
100500,7.0,1,8
100501,6.0,4,10
100502,5.0,4,9
100503,3.0,4,7
100504,5.0,2,7
100505,3.0,1,4
100506,3.0,2,5
100507,7.0,2,9
100508,4.0,5,9
100509,4.0,3,7
100510,6.0,2,8
100511,6.0,6,12
100512,3.0,4,7
100513,4.0,4,8
100514,6.0,2,8
100515,6.0,1,7
100516,6.0,2,8
100517,6.0,5,11
100518,3.0,3,6
100519,5.0,4,9
100520,2.0,1,3
100521,5.0,4,9
100522,3.0,5,8
100523,3.0,3,6
100524,5.0,1,6
100525,11.0,3,14
100526,7.0,2,9
100527,7.0,5,12
100528,4.0,3,7
100529,1.0,2,3
100530,4.0,3,7
100531,5.0,1,6
100532,4.0,1,5
100533,4.0,4,8
100534,7.0,5,12
100535,6.0,1,7
100536,8.0,3,11
100537,4.0,3,7
100538,3.0,2,5
100539,0.0,2,2
100540,4.0,4,8
100541,1.0,4,5
100542,,1,5
100543,3.0,2,5
100544,5.0,3,8
100545,6.0,0,6
100546,6.0,1,7
100547,4.0,7,11
100548,4.0,3,7
100549,5.0,2,7
100550,,7,8
100551,9.0,4,13
100552,7.0,1,8
100553,5.0,3,8
100554,4.0,2,6
100555,5.0,3,8
100556,4.0,11,15
100557,1.0,4,5
100558,3.0,1,4
100559,7.0,2,9
100560,6.0,3,9
100561,10.0,2,12
100562,4.0,2,6
100563,5.0,2,7
100564,6.0,2,8
100565,6.0,2,8
100566,8.0,7,15
100567,4.0,3,7
100568,3.0,0,3
100569,3.0,5,8
100570,9.0,2,11
100571,7.0,4,11
100572,2.0,2,4
100573,2.0,3,5
100574,4.0,3,7
100575,6.0,8,14
100576,9.0,5,14
100577,11.0,7,18
100578,4.0,3,7
100579,7.0,2,9
100580,7.0,4,11
100581,3.0,4,7
100582,7.0,3,10
100583,,3,8
100584,2.0,0,2
100585,,3,12
100586,6.0,1,7
100587,3.0,1,4
100588,6.0,3,9
100589,3.0,2,5
100590,2.0,3,5
100591,8.0,3,11
100592,4.0,1,5
100593,5.0,3,8
100594,4.0,3,7
100595,3.0,4,7
100596,4.0,1,5
100597,3.0,1,4
100598,,2,13
100599,6.0,2,8
100600,5.0,2,7
100601,5.0,3,8
100602,5.0,0,5
100603,3.0,6,9
100604,6.0,2,8
100605,4.0,5,9
100606,5.0,0,5
100607,3.0,2,5
100608,7.0,5,12
100609,3.0,4,7
100610,6.0,2,8
100611,7.0,2,9
100612,1.0,3,4
100613,6.0,1,7
100614,4.0,3,7
100615,2.0,6,8
100616,2.0,2,4
100617,5.0,3,8
100618,5.0,1,6
100619,3.0,0,3
100620,5.0,2,7
100621,11.0,3,14
100622,2.0,6,8
100623,6.0,1,7
100624,5.0,2,7
100625,3.0,4,7
100626,4.0,3,7
100627,10.0,6,16
100628,1.0,2,3
100629,8.0,4,12
100630,3.0,6,9
100631,5.0,2,7
100632,4.0,3,7
100633,11.0,1,12
100634,3.0,6,9
100635,4.0,4,8
100636,3.0,2,5
100637,3.0,4,7
100638,8.0,4,12
100639,1.0,2,3
100640,5.0,5,10
100641,7.0,2,9
100642,3.0,2,5
100643,7.0,3,10
100644,5.0,4,9
100645,7.0,2,9
100646,5.0,3,8
100647,7.0,5,12
100648,5.0,4,9
100649,4.0,2,6
100650,5.0,4,9
100651,11.0,2,13
100652,7.0,3,10
100653,6.0,2,8
100654,3.0,2,5
100655,0.0,4,4
100656,10.0,0,10
100657,5.0,1,6
100658,5.0,6,11
100659,3.0,3,6
100660,4.0,4,8
100661,2.0,6,8
100662,2.0,4,6
100663,7.0,3,10
100664,3.0,2,5
100665,1.0,6,7
100666,3.0,8,11
100667,7.0,5,12
100668,5.0,2,7
100669,5.0,1,6
100670,4.0,6,10
100671,,3,8
100672,5.0,1,6
100673,3.0,2,5
100674,3.0,1,4
100675,6.0,5,11
100676,6.0,3,9
100677,4.0,2,6
100678,9.0,4,13
100679,6.0,5,11
100680,5.0,3,8
100681,5.0,2,7
100682,4.0,6,10
100683,10.0,0,10
100684,6.0,2,8
100685,2.0,6,8
100686,4.0,3,7
100687,3.0,4,7
100688,2.0,1,3
100689,5.0,4,9
100690,6.0,2,8
100691,5.0,1,6
100692,,2,12
100693,5.0,3,8
100694,5.0,3,8
100695,4.0,3,7
100696,4.0,4,8
100697,,3,6
100698,6.0,4,10
100699,4.0,3,7
100700,2.0,1,3
100701,9.0,1,10
100702,5.0,1,6
100703,9.0,4,13
100704,5.0,3,8
100705,5.0,7,12
100706,1.0,7,8
100707,5.0,4,9
100708,8.0,4,12
100709,6.0,3,9
100710,,10,12
100711,5.0,3,8
100712,5.0,4,9
100713,4.0,2,6
100714,6.0,5,11
100715,5.0,2,7
100716,6.0,3,9
100717,5.0,2,7
100718,4.0,3,7
100719,7.0,4,11
100720,5.0,2,7
100721,7.0,5,12
100722,6.0,3,9
100723,4.0,3,7
100724,8.0,4,12
100725,4.0,4,8
100726,3.0,4,7
100727,5.0,0,5
100728,10.0,2,12
100729,6.0,6,12
100730,4.0,2,6
100731,3.0,4,7
100732,3.0,3,6
100733,5.0,4,9
100734,2.0,3,5
100735,6.0,2,8
100736,2.0,2,4
100737,5.0,1,6
100738,2.0,3,5
100739,6.0,1,7
100740,3.0,6,9
100741,5.0,1,6
100742,2.0,0,2
100743,6.0,4,10
100744,6.0,1,7
100745,7.0,4,11
100746,6.0,1,7
100747,6.0,3,9
100748,4.0,3,7
100749,4.0,2,6
100750,7.0,4,11
100751,5.0,5,10
100752,5.0,1,6
100753,8.0,3,11
100754,4.0,6,10
100755,2.0,1,3
100756,3.0,3,6
100757,4.0,1,5
100758,6.0,3,9
100759,9.0,4,13
100760,3.0,4,7
100761,5.0,3,8
100762,3.0,3,6
100763,2.0,3,5
100764,4.0,1,5
100765,9.0,2,11
100766,4.0,4,8
100767,5.0,2,7
100768,8.0,5,13
100769,8.0,0,8
100770,5.0,3,8
100771,3.0,2,5
100772,9.0,5,14
100773,,6,8
100774,8.0,3,11
100775,7.0,1,8
100776,6.0,4,10
100777,9.0,1,10
100778,3.0,4,7
100779,6.0,1,7
100780,7.0,4,11
100781,7.0,1,8
100782,5.0,5,10
100783,5.0,2,7
100784,1.0,5,6
100785,7.0,2,9
100786,4.0,3,7
100787,7.0,2,9
100788,5.0,1,6
100789,5.0,7,12
100790,3.0,4,7
100791,5.0,3,8
100792,5.0,6,11
100793,4.0,1,5
100794,3.0,3,6
100795,3.0,5,8
100796,5.0,3,8
100797,10.0,3,13
100798,2.0,1,3
100799,5.0,4,9
100800,3.0,4,7
100801,4.0,5,9
100802,6.0,2,8
100803,3.0,2,5
100804,4.0,2,6
100805,4.0,3,7
100806,5.0,3,8
100807,,2,10
100808,5.0,2,7
100809,,2,8
100810,3.0,5,8
100811,,2,6
100812,5.0,3,8
100813,6.0,4,10
100814,7.0,2,9
100815,5.0,1,6
100816,2.0,5,7
100817,6.0,4,10
100818,4.0,4,8
100819,,3,5
100820,4.0,3,7
100821,2.0,6,8
100822,3.0,1,4
100823,4.0,5,9
100824,7.0,5,12
100825,5.0,5,10
100826,5.0,6,11
100827,7.0,2,9
100828,9.0,3,12
100829,7.0,6,13
100830,,1,7
100831,6.0,2,8
100832,9.0,4,13
100833,2.0,1,3
100834,3.0,2,5
100835,9.0,3,12
100836,3.0,0,3
100837,8.0,3,11
100838,5.0,2,7
100839,4.0,0,4
100840,9.0,2,11
100841,2.0,3,5
100842,5.0,0,5
100843,10.0,2,12
100844,5.0,3,8
100845,4.0,1,5
100846,7.0,6,13
100847,3.0,3,6
100848,6.0,1,7
100849,3.0,2,5
100850,3.0,4,7
100851,4.0,1,5
100852,,5,6
100853,2.0,5,7
100854,4.0,1,5
100855,5.0,2,7
100856,8.0,2,10
100857,,4,11
100858,,2,9
100859,2.0,2,4
100860,6.0,3,9
100861,8.0,6,14
100862,6.0,2,8
100863,4.0,3,7
100864,4.0,3,7
100865,4.0,3,7
100866,1.0,3,4
100867,6.0,4,10
100868,8.0,1,9
100869,7.0,2,9
100870,7.0,0,7
100871,6.0,2,8
100872,6.0,6,12
100873,4.0,4,8
100874,3.0,3,6
100875,6.0,4,10
100876,3.0,2,5
100877,10.0,0,10
100878,5.0,3,8
100879,6.0,0,6
100880,6.0,2,8
100881,4.0,3,7
100882,6.0,3,9
100883,5.0,3,8
100884,3.0,6,9
100885,2.0,2,4
100886,3.0,5,8
100887,,6,8
100888,8.0,4,12
100889,7.0,3,10
100890,4.0,3,7
100891,3.0,2,5
100892,3.0,4,7
100893,6.0,6,12
100894,5.0,3,8
100895,1.0,3,4
100896,8.0,2,10
100897,9.0,6,15
100898,4.0,2,6
100899,7.0,3,10
100900,3.0,3,6
100901,7.0,1,8
100902,5.0,1,6
100903,6.0,2,8
100904,8.0,1,9
100905,,5,7
100906,4.0,0,4
100907,9.0,3,12
100908,4.0,5,9
100909,4.0,2,6
100910,3.0,3,6
100911,4.0,4,8
100912,4.0,3,7
100913,6.0,2,8
100914,7.0,4,11
100915,3.0,1,4
100916,6.0,1,7
100917,8.0,4,12
100918,7.0,2,9
100919,3.0,4,7
100920,4.0,2,6
100921,6.0,1,7
100922,8.0,3,11
100923,3.0,2,5
100924,4.0,2,6
100925,,4,7
100926,8.0,6,14
100927,1.0,4,5
100928,3.0,3,6
100929,7.0,3,10
100930,5.0,3,8
100931,9.0,1,10
100932,5.0,0,5
100933,4.0,2,6
100934,5.0,1,6
100935,7.0,3,10
100936,3.0,1,4
100937,6.0,6,12
100938,7.0,2,9
100939,4.0,3,7
100940,4.0,3,7
100941,4.0,0,4
100942,3.0,3,6
100943,,3,7
100944,2.0,2,4
100945,7.0,3,10
100946,6.0,1,7
100947,7.0,3,10
100948,5.0,3,8
100949,4.0,7,11
100950,,0,5
100951,4.0,6,10
100952,7.0,4,11
100953,5.0,4,9
100954,6.0,3,9
100955,5.0,7,12
100956,2.0,3,5
100957,4.0,2,6
100958,4.0,6,10
100959,6.0,2,8
100960,11.0,2,13
100961,6.0,5,11
100962,8.0,2,10
100963,5.0,1,6
100964,3.0,5,8
100965,5.0,0,5
100966,1.0,3,4
100967,8.0,1,9
100968,6.0,3,9
100969,,3,7
100970,7.0,3,10
100971,1.0,2,3
100972,7.0,5,12
100973,3.0,6,9
100974,9.0,5,14
100975,4.0,2,6
100976,2.0,2,4
100977,4.0,7,11
100978,6.0,3,9
100979,2.0,4,6
100980,,2,3
100981,7.0,2,9
100982,7.0,2,9
100983,6.0,7,13
100984,8.0,0,8
100985,7.0,8,15
100986,5.0,5,10
100987,6.0,4,10
100988,6.0,6,12
100989,7.0,2,9
100990,6.0,5,11
100991,3.0,3,6
100992,3.0,2,5
100993,1.0,6,7
100994,5.0,5,10
100995,3.0,5,8
100996,9.0,3,12
100997,8.0,3,11
100998,4.0,3,7
100999,2.0,4,6
101000,3.0,3,6
101001,2.0,2,4
101002,4.0,2,6
101003,4.0,1,5
101004,5.0,1,6
101005,8.0,3,11
101006,6.0,5,11
101007,3.0,2,5
101008,,3,8
101009,6.0,5,11
101010,3.0,2,5
101011,8.0,2,10
101012,8.0,3,11
101013,5.0,3,8
101014,4.0,1,5
101015,2.0,5,7
101016,6.0,5,11
101017,,1,6
101018,6.0,4,10
101019,,5,12
101020,3.0,3,6
101021,9.0,1,10
101022,2.0,5,7
101023,0.0,5,5
101024,,4,10
101025,4.0,3,7
101026,6.0,3,9
101027,4.0,3,7
101028,5.0,2,7
101029,2.0,2,4
101030,5.0,4,9
101031,4.0,1,5
101032,3.0,2,5
101033,5.0,3,8
101034,3.0,0,3
101035,3.0,2,5
101036,4.0,2,6
101037,8.0,2,10
101038,5.0,4,9
101039,,3,7
101040,4.0,1,5
101041,4.0,5,9
101042,4.0,4,8
101043,7.0,5,12
101044,8.0,3,11
101045,7.0,3,10
101046,3.0,2,5
101047,6.0,2,8
101048,,3,9
101049,4.0,1,5
101050,6.0,2,8
101051,9.0,7,16
101052,6.0,2,8
101053,4.0,3,7
101054,6.0,3,9
101055,7.0,4,11
101056,4.0,3,7
101057,3.0,3,6
101058,4.0,5,9
101059,5.0,1,6
101060,3.0,2,5
101061,5.0,2,7
101062,3.0,4,7
101063,5.0,1,6
101064,5.0,2,7
101065,5.0,1,6
101066,6.0,3,9
101067,6.0,2,8
101068,6.0,1,7
101069,5.0,4,9
101070,7.0,4,11
101071,3.0,1,4
101072,,0,5
101073,7.0,1,8
101074,2.0,2,4
101075,8.0,2,10
101076,4.0,3,7
101077,2.0,3,5
101078,5.0,4,9
101079,5.0,3,8
101080,4.0,2,6
101081,6.0,2,8
101082,8.0,3,11
101083,4.0,3,7
101084,,7,10
101085,6.0,2,8
101086,,2,6
101087,2.0,4,6
101088,3.0,2,5
101089,1.0,5,6
101090,9.0,3,12
101091,5.0,4,9
101092,3.0,2,5
101093,4.0,4,8
101094,3.0,2,5
101095,4.0,3,7
101096,6.0,3,9
101097,4.0,3,7
101098,2.0,7,9
101099,6.0,2,8
101100,3.0,6,9
101101,6.0,0,6
101102,2.0,3,5
101103,8.0,4,12
101104,3.0,2,5
101105,6.0,2,8
101106,4.0,3,7
101107,5.0,4,9
101108,6.0,4,10
101109,1.0,0,1
101110,5.0,0,5
101111,7.0,4,11
101112,6.0,5,11
101113,6.0,4,10
101114,7.0,4,11
101115,4.0,6,10
101116,3.0,2,5
101117,8.0,3,11
101118,4.0,2,6
101119,5.0,1,6
101120,5.0,7,12
101121,3.0,3,6
101122,9.0,2,11
101123,8.0,5,13
101124,6.0,4,10
101125,3.0,5,8
101126,,2,7
101127,5.0,3,8
101128,5.0,0,5
101129,3.0,7,10
101130,7.0,7,14
101131,3.0,2,5
101132,0.0,2,2
101133,6.0,3,9
101134,6.0,4,10
101135,4.0,2,6
101136,5.0,5,10
101137,9.0,1,10
101138,5.0,0,5
101139,4.0,4,8
101140,3.0,1,4
101141,6.0,1,7
101142,2.0,2,4
101143,6.0,1,7
101144,6.0,1,7
101145,6.0,1,7
101146,5.0,3,8
101147,3.0,4,7
101148,4.0,3,7
101149,4.0,2,6
101150,5.0,3,8
101151,4.0,2,6
101152,4.0,3,7
101153,5.0,2,7
101154,,4,9
101155,5.0,2,7
101156,7.0,4,11
101157,3.0,1,4
101158,2.0,2,4
101159,4.0,4,8
101160,4.0,4,8
101161,6.0,2,8
101162,3.0,7,10
101163,5.0,2,7
101164,5.0,1,6
101165,5.0,0,5
101166,5.0,3,8
101167,3.0,2,5
101168,10.0,2,12
101169,5.0,4,9
101170,4.0,1,5
101171,4.0,2,6
101172,7.0,2,9
101173,3.0,3,6
101174,6.0,1,7
101175,2.0,3,5
101176,4.0,2,6
101177,4.0,6,10
101178,4.0,4,8
101179,8.0,4,12
101180,5.0,2,7
101181,8.0,1,9
101182,5.0,9,14
101183,7.0,6,13
101184,8.0,3,11
101185,3.0,4,7
101186,4.0,3,7
101187,6.0,4,10
101188,4.0,5,9
101189,4.0,2,6
101190,6.0,2,8
101191,2.0,4,6
101192,4.0,1,5
101193,2.0,7,9
101194,8.0,2,10
101195,7.0,5,12
101196,2.0,5,7
101197,5.0,5,10
101198,6.0,1,7
101199,7.0,5,12
101200,7.0,5,12
101201,7.0,2,9
101202,6.0,4,10
101203,5.0,5,10
101204,5.0,6,11
101205,,3,11
101206,7.0,3,10
101207,4.0,4,8
101208,5.0,1,6
101209,8.0,2,10
101210,5.0,10,15
101211,2.0,5,7
101212,3.0,3,6
101213,7.0,3,10
101214,3.0,2,5
101215,8.0,3,11
101216,1.0,2,3
101217,5.0,5,10
101218,3.0,2,5
101219,,5,10
101220,5.0,3,8
101221,2.0,2,4
101222,7.0,4,11
101223,2.0,3,5
101224,4.0,4,8
101225,5.0,3,8
101226,4.0,2,6
101227,4.0,5,9
101228,5.0,2,7
101229,4.0,1,5
101230,4.0,4,8
101231,5.0,2,7
101232,7.0,5,12
101233,6.0,3,9
101234,6.0,4,10
101235,8.0,2,10
101236,,1,6
101237,2.0,3,5
101238,4.0,3,7
101239,6.0,5,11
101240,3.0,5,8
101241,3.0,1,4
101242,5.0,2,7
101243,5.0,6,11
101244,6.0,1,7
101245,2.0,3,5
101246,6.0,3,9
101247,4.0,4,8
101248,3.0,4,7
101249,4.0,5,9
101250,2.0,2,4
101251,6.0,1,7
101252,8.0,1,9
101253,5.0,3,8
101254,6.0,4,10
101255,5.0,5,10
101256,5.0,6,11
101257,6.0,5,11
101258,4.0,2,6
101259,4.0,4,8
101260,5.0,3,8
101261,5.0,3,8
101262,4.0,4,8
101263,4.0,1,5
101264,7.0,1,8
101265,5.0,6,11
101266,4.0,1,5
101267,3.0,2,5
101268,9.0,2,11
101269,,2,8
101270,6.0,4,10
101271,4.0,6,10
101272,7.0,5,12
101273,6.0,2,8
101274,6.0,3,9
101275,2.0,4,6
101276,6.0,2,8
101277,4.0,4,8
101278,7.0,1,8
101279,8.0,0,8
101280,6.0,3,9
101281,3.0,4,7
101282,4.0,1,5
101283,5.0,5,10
101284,3.0,2,5
101285,5.0,1,6
101286,8.0,2,10
101287,8.0,4,12
101288,5.0,2,7
101289,5.0,0,5
101290,8.0,1,9
101291,5.0,2,7
101292,,5,9
101293,3.0,3,6
101294,7.0,4,11
101295,4.0,2,6
101296,4.0,3,7
101297,5.0,1,6
101298,3.0,0,3
101299,,0,5
101300,,3,7
101301,6.0,1,7
101302,5.0,4,9
101303,5.0,1,6
101304,2.0,4,6
101305,5.0,2,7
101306,3.0,1,4
101307,3.0,1,4
101308,5.0,3,8
101309,4.0,1,5
101310,3.0,4,7
101311,4.0,3,7
101312,2.0,5,7
101313,6.0,1,7
101314,7.0,5,12
101315,3.0,3,6
101316,5.0,5,10
101317,4.0,2,6
101318,6.0,6,12
101319,,2,8
101320,2.0,3,5
101321,2.0,2,4
101322,5.0,5,10
101323,2.0,2,4
101324,7.0,3,10
101325,4.0,4,8
101326,5.0,5,10
101327,7.0,1,8
101328,5.0,4,9
101329,7.0,3,10
101330,1.0,7,8
101331,3.0,3,6
101332,4.0,4,8
101333,9.0,3,12
101334,4.0,6,10
101335,5.0,3,8
101336,6.0,1,7
101337,6.0,2,8
101338,3.0,3,6
101339,3.0,1,4
101340,5.0,4,9
101341,7.0,2,9
101342,6.0,2,8
101343,6.0,4,10
101344,4.0,2,6
101345,7.0,2,9
101346,4.0,3,7
101347,8.0,1,9
101348,5.0,0,5
101349,5.0,7,12
101350,4.0,4,8
101351,5.0,5,10
101352,2.0,3,5
101353,3.0,3,6
101354,7.0,0,7
101355,5.0,1,6
101356,6.0,1,7
101357,7.0,6,13
101358,,4,6
101359,7.0,2,9
101360,5.0,3,8
101361,5.0,4,9
101362,7.0,4,11
101363,6.0,1,7
101364,5.0,3,8
101365,0.0,3,3
101366,7.0,6,13
101367,5.0,1,6
101368,5.0,2,7
101369,6.0,3,9
101370,8.0,2,10
101371,4.0,5,9
101372,6.0,3,9
101373,4.0,1,5
101374,1.0,3,4
101375,3.0,2,5
101376,4.0,3,7
101377,5.0,2,7
101378,4.0,4,8
101379,5.0,2,7
101380,2.0,2,4
101381,2.0,5,7
101382,5.0,3,8
101383,5.0,1,6
101384,5.0,4,9
101385,6.0,3,9
101386,4.0,3,7
101387,9.0,1,10
101388,7.0,3,10
101389,2.0,5,7
101390,3.0,2,5
101391,4.0,0,4
101392,6.0,3,9
101393,,4,11
101394,4.0,3,7
101395,5.0,3,8
101396,5.0,5,10
101397,3.0,2,5
101398,3.0,2,5
101399,7.0,2,9
101400,3.0,3,6
101401,8.0,2,10
101402,8.0,4,12
101403,5.0,3,8
101404,5.0,1,6
101405,3.0,3,6
101406,3.0,5,8
101407,6.0,5,11
101408,5.0,3,8
101409,4.0,4,8
101410,6.0,5,11
101411,3.0,3,6
101412,12.0,3,15
101413,1.0,0,1
101414,6.0,4,10
101415,,3,4
101416,6.0,3,9
101417,,1,2
101418,,1,5
101419,3.0,3,6
101420,3.0,3,6
101421,5.0,1,6
101422,5.0,5,10
101423,5.0,3,8
101424,9.0,2,11
101425,3.0,2,5
101426,3.0,6,9
101427,6.0,3,9
101428,6.0,1,7
101429,3.0,3,6
101430,7.0,0,7
101431,4.0,3,7
101432,1.0,3,4
101433,7.0,3,10
101434,7.0,1,8
101435,2.0,5,7
101436,5.0,10,15
101437,6.0,0,6
101438,9.0,3,12
101439,3.0,5,8
101440,4.0,4,8
101441,10.0,5,15
101442,4.0,5,9
101443,4.0,0,4
101444,4.0,3,7
101445,7.0,2,9
101446,8.0,4,12
101447,6.0,1,7
101448,6.0,1,7
101449,3.0,0,3
101450,,4,9
101451,6.0,4,10
101452,2.0,2,4
101453,8.0,1,9
101454,,1,6
101455,4.0,2,6
101456,4.0,3,7
101457,2.0,0,2
101458,5.0,5,10
101459,5.0,3,8
101460,4.0,3,7
101461,2.0,1,3
101462,4.0,1,5
101463,4.0,0,4
101464,1.0,4,5
101465,8.0,3,11
101466,4.0,2,6
101467,10.0,2,12
101468,6.0,4,10
101469,3.0,4,7
101470,6.0,0,6
101471,4.0,0,4
101472,3.0,6,9
101473,2.0,6,8
101474,3.0,3,6
101475,5.0,0,5
101476,3.0,5,8
101477,4.0,5,9
101478,3.0,3,6
101479,6.0,6,12
101480,5.0,2,7
101481,5.0,4,9
101482,4.0,3,7
101483,4.0,0,4
101484,6.0,4,10
101485,4.0,4,8
101486,6.0,1,7
101487,4.0,2,6
101488,5.0,5,10
101489,5.0,6,11
101490,4.0,3,7
101491,5.0,4,9
101492,3.0,3,6
101493,4.0,2,6
101494,6.0,2,8
101495,6.0,3,9
101496,1.0,0,1
101497,3.0,2,5
101498,4.0,4,8
101499,6.0,1,7
101500,4.0,4,8
101501,3.0,4,7
101502,14.0,3,17
101503,5.0,5,10
101504,4.0,5,9
101505,5.0,3,8
101506,,2,7
101507,7.0,4,11
101508,7.0,1,8
101509,7.0,4,11
101510,2.0,3,5
101511,5.0,3,8
101512,3.0,3,6
101513,7.0,4,11
101514,,4,6
101515,6.0,4,10
101516,4.0,0,4
101517,8.0,2,10
101518,,4,9
101519,1.0,5,6
101520,,8,10
101521,3.0,4,7
101522,6.0,2,8
101523,8.0,3,11
101524,4.0,4,8
101525,3.0,1,4
101526,6.0,2,8
101527,6.0,5,11
101528,8.0,4,12
101529,6.0,5,11
101530,6.0,3,9
101531,5.0,3,8
101532,,3,7
101533,5.0,5,10
101534,5.0,5,10
101535,6.0,6,12
101536,11.0,4,15
101537,8.0,3,11
101538,7.0,6,13
101539,7.0,1,8
101540,4.0,3,7
101541,8.0,1,9
101542,6.0,2,8
101543,,3,5
101544,4.0,1,5
101545,0.0,5,5
101546,6.0,2,8
101547,0.0,3,3
101548,7.0,1,8
101549,9.0,3,12
101550,7.0,2,9
101551,2.0,2,4
101552,4.0,4,8
101553,8.0,2,10
101554,5.0,5,10
101555,,2,7
101556,6.0,3,9
101557,2.0,2,4
101558,4.0,2,6
101559,7.0,2,9
101560,3.0,2,5
101561,6.0,6,12
101562,2.0,2,4
101563,8.0,4,12
101564,10.0,2,12
101565,5.0,0,5
101566,4.0,6,10
101567,4.0,2,6
101568,8.0,2,10
101569,9.0,1,10
101570,7.0,3,10
101571,7.0,5,12
101572,3.0,3,6
101573,8.0,1,9
101574,7.0,0,7
101575,2.0,1,3
101576,5.0,3,8
101577,7.0,3,10
101578,6.0,3,9
101579,1.0,1,2
101580,3.0,4,7
101581,4.0,1,5
101582,4.0,2,6
101583,3.0,7,10
101584,7.0,0,7
101585,9.0,1,10
101586,4.0,1,5
101587,3.0,3,6
101588,4.0,3,7
101589,4.0,2,6
101590,6.0,4,10
101591,3.0,3,6
101592,10.0,1,11
101593,5.0,2,7
101594,5.0,3,8
101595,3.0,3,6
101596,2.0,4,6
101597,7.0,5,12
101598,5.0,3,8
101599,4.0,4,8
101600,6.0,2,8
101601,5.0,5,10
101602,4.0,1,5
101603,7.0,4,11
101604,4.0,2,6
101605,2.0,4,6
101606,3.0,2,5
101607,8.0,4,12
101608,5.0,2,7
101609,6.0,2,8
101610,2.0,5,7
101611,3.0,1,4
101612,3.0,3,6
101613,7.0,5,12
101614,5.0,2,7
101615,2.0,4,6
101616,2.0,2,4
101617,7.0,2,9
101618,8.0,1,9
101619,,6,10
101620,4.0,2,6
101621,4.0,3,7
101622,3.0,4,7
101623,4.0,3,7
101624,6.0,3,9
101625,5.0,3,8
101626,5.0,4,9
101627,3.0,4,7
101628,6.0,3,9
101629,4.0,6,10
101630,2.0,3,5
101631,5.0,2,7
101632,7.0,2,9
101633,8.0,2,10
101634,0.0,5,5
101635,5.0,5,10
101636,4.0,1,5
101637,6.0,1,7
101638,4.0,1,5
101639,7.0,5,12
101640,2.0,3,5
101641,3.0,4,7
101642,3.0,1,4
101643,5.0,3,8
101644,6.0,4,10
101645,9.0,0,9
101646,6.0,4,10
101647,7.0,3,10
101648,2.0,4,6
101649,2.0,3,5
101650,8.0,1,9
101651,8.0,2,10
101652,8.0,3,11
101653,7.0,1,8
101654,6.0,2,8
101655,2.0,4,6
101656,7.0,5,12
101657,6.0,3,9
101658,5.0,1,6
101659,6.0,5,11
101660,4.0,4,8
101661,4.0,5,9
101662,4.0,3,7
101663,5.0,4,9
101664,4.0,3,7
101665,7.0,2,9
101666,2.0,1,3
101667,4.0,2,6
101668,1.0,2,3
101669,6.0,2,8
101670,1.0,5,6
101671,6.0,4,10
101672,,3,9
101673,0.0,3,3
101674,6.0,2,8
101675,1.0,2,3
101676,4.0,3,7
101677,6.0,0,6
101678,7.0,2,9
101679,6.0,3,9
101680,3.0,4,7
101681,7.0,4,11
101682,6.0,1,7
101683,5.0,1,6
101684,7.0,3,10
101685,4.0,2,6
101686,7.0,3,10
101687,1.0,7,8
101688,2.0,3,5
101689,,0,2
101690,6.0,2,8
101691,8.0,6,14
101692,6.0,4,10
101693,0.0,1,1
101694,10.0,1,11
101695,2.0,1,3
101696,5.0,2,7
101697,8.0,5,13
101698,5.0,2,7
101699,,2,6
101700,3.0,4,7
101701,7.0,3,10
101702,7.0,1,8
101703,3.0,2,5
101704,3.0,5,8
101705,2.0,5,7
101706,2.0,5,7
101707,7.0,2,9
101708,4.0,2,6
101709,1.0,5,6
101710,,4,7
101711,10.0,5,15
101712,3.0,3,6
101713,,2,8
101714,,1,5
101715,5.0,2,7
101716,3.0,5,8
101717,7.0,2,9
101718,5.0,1,6
101719,2.0,4,6
101720,6.0,6,12
101721,3.0,6,9
101722,2.0,4,6
101723,7.0,4,11
101724,6.0,3,9
101725,3.0,2,5
101726,5.0,1,6
101727,7.0,2,9
101728,4.0,2,6
101729,4.0,2,6
101730,3.0,5,8
101731,6.0,2,8
101732,4.0,4,8
101733,5.0,5,10
101734,7.0,1,8
101735,4.0,2,6
101736,3.0,5,8
101737,1.0,1,2
101738,5.0,6,11
101739,8.0,1,9
101740,5.0,2,7
101741,5.0,8,13
101742,3.0,6,9
101743,3.0,1,4
101744,6.0,1,7
101745,5.0,5,10
101746,7.0,4,11
101747,6.0,4,10
101748,8.0,1,9
101749,8.0,1,9
101750,8.0,4,12
101751,9.0,4,13
101752,,0,5
101753,3.0,2,5
101754,4.0,0,4
101755,5.0,3,8
101756,6.0,2,8
101757,7.0,2,9
101758,,2,6
101759,,5,11
101760,13.0,6,19
101761,3.0,2,5
101762,7.0,5,12
101763,7.0,5,12
101764,2.0,6,8
101765,5.0,3,8
101766,2.0,1,3
101767,4.0,3,7
101768,3.0,0,3
101769,3.0,4,7
101770,1.0,3,4
101771,7.0,5,12
101772,4.0,1,5
101773,9.0,1,10
101774,4.0,3,7
101775,6.0,2,8
101776,3.0,2,5
101777,8.0,1,9
101778,6.0,4,10
101779,5.0,2,7
101780,3.0,5,8
101781,11.0,5,16
101782,7.0,2,9
101783,6.0,3,9
101784,6.0,4,10
101785,6.0,4,10
101786,6.0,3,9
101787,5.0,4,9
101788,8.0,4,12
101789,6.0,9,15
101790,8.0,5,13
101791,13.0,2,15
101792,4.0,2,6
101793,1.0,1,2
101794,4.0,3,7
101795,2.0,2,4
101796,7.0,5,12
101797,4.0,5,9
101798,5.0,1,6
101799,8.0,4,12
101800,6.0,2,8
101801,5.0,4,9
101802,2.0,2,4
101803,6.0,6,12
101804,5.0,2,7
101805,6.0,4,10
101806,3.0,5,8
101807,6.0,5,11
101808,6.0,1,7
101809,4.0,2,6
101810,7.0,0,7
101811,4.0,8,12
101812,0.0,6,6
101813,9.0,1,10
101814,1.0,4,5
101815,6.0,1,7
101816,4.0,2,6
101817,5.0,5,10
101818,6.0,3,9
101819,8.0,1,9
101820,4.0,4,8
101821,5.0,3,8
101822,10.0,2,12
101823,5.0,3,8
101824,7.0,3,10
101825,6.0,1,7
101826,4.0,1,5
101827,3.0,4,7
101828,5.0,5,10
101829,,6,10
101830,4.0,1,5
101831,5.0,3,8
101832,2.0,3,5
101833,7.0,1,8
101834,3.0,4,7
101835,5.0,1,6
101836,6.0,3,9
101837,8.0,3,11
101838,5.0,7,12
101839,3.0,5,8
101840,3.0,2,5
101841,5.0,7,12
101842,7.0,5,12
101843,5.0,5,10
101844,5.0,1,6
101845,10.0,5,15
101846,2.0,3,5
101847,6.0,4,10
101848,7.0,2,9
101849,4.0,1,5
101850,11.0,6,17
101851,5.0,2,7
101852,4.0,3,7
101853,1.0,3,4
101854,11.0,1,12
101855,3.0,1,4
101856,2.0,3,5
101857,7.0,2,9
101858,5.0,3,8
101859,1.0,2,3
101860,6.0,5,11
101861,4.0,3,7
101862,9.0,2,11
101863,4.0,2,6
101864,9.0,6,15
101865,5.0,5,10
101866,2.0,4,6
101867,8.0,5,13
101868,2.0,4,6
101869,7.0,5,12
101870,9.0,3,12
101871,3.0,2,5
101872,3.0,1,4
101873,6.0,3,9
101874,7.0,4,11
101875,2.0,3,5
101876,9.0,4,13
101877,5.0,3,8
101878,5.0,2,7
101879,3.0,3,6
101880,6.0,3,9
101881,6.0,2,8
101882,4.0,4,8
101883,6.0,3,9
101884,8.0,1,9
101885,4.0,0,4
101886,6.0,3,9
101887,4.0,4,8
101888,9.0,4,13
101889,5.0,1,6
101890,7.0,4,11
101891,2.0,1,3
101892,4.0,7,11
101893,4.0,0,4
101894,7.0,3,10
101895,3.0,6,9
101896,4.0,4,8
101897,3.0,7,10
101898,3.0,4,7
101899,2.0,3,5
101900,10.0,0,10
101901,3.0,3,6
101902,2.0,1,3
101903,6.0,5,11
101904,4.0,2,6
101905,6.0,3,9
101906,2.0,5,7
101907,4.0,4,8
101908,9.0,2,11
101909,10.0,2,12
101910,5.0,2,7
101911,2.0,2,4
101912,3.0,2,5
101913,7.0,3,10
101914,6.0,2,8
101915,4.0,2,6
101916,2.0,4,6
101917,7.0,2,9
101918,6.0,2,8
101919,7.0,0,7
101920,7.0,2,9
101921,3.0,7,10
101922,,2,5
101923,4.0,1,5
101924,5.0,3,8
101925,2.0,2,4
101926,4.0,6,10
101927,7.0,1,8
101928,5.0,2,7
101929,6.0,3,9
101930,4.0,3,7
101931,9.0,2,11
101932,2.0,3,5
101933,6.0,4,10
101934,,3,7
101935,3.0,1,4
101936,,4,10
101937,7.0,4,11
101938,8.0,4,12
101939,9.0,2,11
101940,5.0,6,11
101941,4.0,3,7
101942,3.0,0,3
101943,7.0,4,11
101944,,2,6
101945,8.0,1,9
101946,8.0,0,8
101947,1.0,2,3
101948,5.0,3,8
101949,4.0,1,5
101950,3.0,1,4
101951,2.0,4,6
101952,8.0,2,10
101953,8.0,0,8
101954,3.0,3,6
101955,4.0,4,8
101956,12.0,1,13
101957,3.0,2,5
101958,3.0,4,7
101959,,0,4
101960,3.0,5,8
101961,4.0,4,8
101962,6.0,1,7
101963,4.0,3,7
101964,3.0,3,6
101965,8.0,2,10
101966,2.0,1,3
101967,3.0,2,5
101968,7.0,1,8
101969,3.0,3,6
101970,7.0,5,12
101971,5.0,4,9
101972,2.0,6,8
101973,9.0,2,11
101974,,2,6
101975,3.0,1,4
101976,1.0,2,3
101977,2.0,3,5
101978,6.0,4,10
101979,10.0,3,13
101980,6.0,5,11
101981,6.0,2,8
101982,2.0,3,5
101983,4.0,0,4
101984,5.0,3,8
101985,8.0,2,10
101986,5.0,2,7
101987,3.0,4,7
101988,1.0,4,5
101989,,2,9
101990,7.0,3,10
101991,4.0,6,10
101992,4.0,0,4
101993,4.0,2,6
101994,9.0,0,9
101995,1.0,4,5
101996,3.0,1,4
101997,4.0,1,5
101998,,4,7
101999,3.0,1,4
102000,8.0,2,10
102001,11.0,1,12
102002,4.0,6,10
102003,2.0,8,10
102004,3.0,4,7
102005,4.0,2,6
102006,2.0,1,3
102007,7.0,3,10
102008,2.0,2,4
102009,11.0,3,14
102010,5.0,5,10
102011,5.0,2,7
102012,4.0,2,6
102013,4.0,7,11
102014,4.0,5,9
102015,3.0,5,8
102016,5.0,3,8
102017,9.0,2,11
102018,5.0,3,8
102019,2.0,4,6
102020,6.0,4,10
102021,7.0,1,8
102022,5.0,2,7
102023,7.0,5,12
102024,7.0,1,8
102025,8.0,4,12
102026,7.0,4,11
102027,3.0,3,6
102028,4.0,5,9
102029,4.0,3,7
102030,3.0,6,9
102031,7.0,2,9
102032,7.0,4,11
102033,3.0,4,7
102034,7.0,4,11
102035,8.0,3,11
102036,3.0,0,3
102037,4.0,0,4
102038,7.0,3,10
102039,1.0,1,2
102040,4.0,6,10
102041,2.0,4,6
102042,2.0,6,8
102043,5.0,1,6
102044,6.0,5,11
102045,5.0,4,9
102046,4.0,4,8
102047,5.0,2,7
102048,7.0,2,9
102049,4.0,4,8
102050,2.0,3,5
102051,9.0,6,15
102052,4.0,2,6
102053,3.0,5,8
102054,4.0,2,6
102055,4.0,1,5
102056,6.0,2,8
102057,4.0,5,9
102058,6.0,3,9
102059,9.0,9,18
102060,3.0,1,4
102061,3.0,3,6
102062,8.0,4,12
102063,6.0,1,7
102064,1.0,3,4
102065,7.0,2,9
102066,5.0,1,6
102067,7.0,3,10
102068,5.0,4,9
102069,2.0,2,4
102070,6.0,1,7
102071,,2,9
102072,5.0,5,10
102073,6.0,2,8
102074,5.0,2,7
102075,6.0,0,6
102076,3.0,1,4
102077,4.0,1,5
102078,5.0,0,5
102079,8.0,4,12
102080,10.0,1,11
102081,5.0,6,11
102082,3.0,1,4
102083,7.0,2,9
102084,,3,5
102085,6.0,4,10
102086,6.0,0,6
102087,6.0,5,11
102088,,6,11
102089,0.0,1,1
102090,6.0,2,8
102091,,1,5
102092,6.0,4,10
102093,3.0,4,7
102094,6.0,4,10
102095,3.0,4,7
102096,5.0,7,12
102097,2.0,4,6
102098,4.0,3,7
102099,7.0,8,15
102100,6.0,5,11
102101,7.0,4,11
102102,6.0,6,12
102103,2.0,3,5
102104,0.0,3,3
102105,4.0,1,5
102106,5.0,3,8
102107,2.0,3,5
102108,3.0,4,7
102109,6.0,1,7
102110,9.0,4,13
102111,6.0,2,8
102112,4.0,2,6
102113,2.0,5,7
102114,6.0,1,7
102115,7.0,1,8
102116,2.0,0,2
102117,6.0,2,8
102118,,5,13
102119,4.0,2,6
102120,6.0,2,8
102121,,1,7
102122,1.0,2,3
102123,7.0,2,9
102124,6.0,4,10
102125,,3,8
102126,3.0,1,4
102127,7.0,1,8
102128,4.0,2,6
102129,2.0,6,8
102130,7.0,5,12
102131,5.0,1,6
102132,8.0,1,9
102133,7.0,4,11
102134,,2,7
102135,4.0,1,5
102136,3.0,2,5
102137,9.0,4,13
102138,4.0,0,4
102139,8.0,4,12
102140,4.0,1,5
102141,2.0,3,5
102142,,6,8
102143,5.0,6,11
102144,8.0,3,11
102145,5.0,4,9
102146,6.0,4,10
102147,3.0,4,7
102148,5.0,2,7
102149,8.0,7,15
102150,4.0,2,6
102151,,4,9
102152,1.0,2,3
102153,5.0,5,10
102154,6.0,2,8
102155,3.0,4,7
102156,6.0,3,9
102157,5.0,2,7
102158,5.0,4,9
102159,6.0,3,9
102160,6.0,0,6
102161,7.0,3,10
102162,6.0,4,10
102163,5.0,4,9
102164,6.0,2,8
102165,6.0,4,10
102166,5.0,6,11
102167,10.0,4,14
102168,4.0,2,6
102169,8.0,5,13
102170,6.0,3,9
102171,4.0,4,8
102172,5.0,3,8
102173,4.0,4,8
102174,6.0,1,7
102175,2.0,5,7
102176,2.0,8,10
102177,9.0,2,11
102178,1.0,4,5
102179,3.0,4,7
102180,4.0,4,8
102181,3.0,4,7
102182,2.0,3,5
102183,6.0,4,10
102184,2.0,3,5
102185,,2,9
102186,10.0,1,11
102187,1.0,0,1
102188,2.0,2,4
102189,4.0,4,8
102190,4.0,1,5
102191,8.0,1,9
102192,6.0,1,7
102193,2.0,3,5
102194,6.0,1,7
102195,8.0,5,13
102196,8.0,1,9
102197,2.0,2,4
102198,5.0,4,9
102199,4.0,0,4
102200,3.0,5,8
102201,8.0,2,10
102202,3.0,2,5
102203,7.0,6,13
102204,2.0,4,6
102205,1.0,3,4
102206,5.0,1,6
102207,4.0,3,7
102208,4.0,2,6
102209,4.0,5,9
102210,3.0,1,4
102211,0.0,3,3
102212,2.0,4,6
102213,3.0,3,6
102214,4.0,3,7
102215,2.0,2,4
102216,6.0,3,9
102217,5.0,6,11
102218,,3,4
102219,,3,11
102220,6.0,6,12
102221,1.0,6,7
102222,,3,12
102223,3.0,3,6
102224,9.0,4,13
102225,,4,8
102226,3.0,2,5
102227,7.0,0,7
102228,5.0,1,6
102229,6.0,5,11
102230,3.0,1,4
102231,7.0,5,12
102232,,3,8
102233,8.0,4,12
102234,7.0,2,9
102235,3.0,4,7
102236,5.0,8,13
102237,9.0,0,9
102238,5.0,5,10
102239,6.0,0,6
102240,4.0,4,8
102241,6.0,2,8
102242,6.0,5,11
102243,5.0,1,6
102244,6.0,1,7
102245,4.0,2,6
102246,4.0,4,8
102247,7.0,1,8
102248,7.0,2,9
102249,5.0,5,10
102250,3.0,5,8
102251,3.0,4,7
102252,3.0,1,4
102253,2.0,3,5
102254,6.0,4,10
102255,3.0,2,5
102256,3.0,2,5
102257,11.0,2,13
102258,4.0,2,6
102259,10.0,2,12
102260,8.0,4,12
102261,3.0,1,4
102262,7.0,2,9
102263,5.0,5,10
102264,3.0,5,8
102265,5.0,3,8
102266,6.0,1,7
102267,5.0,3,8
102268,5.0,2,7
102269,2.0,1,3
102270,6.0,3,9
102271,5.0,7,12
102272,4.0,3,7
102273,7.0,3,10
102274,5.0,5,10
102275,6.0,3,9
102276,6.0,1,7
102277,6.0,5,11
102278,3.0,2,5
102279,,1,6
102280,4.0,4,8
102281,8.0,3,11
102282,3.0,2,5
102283,2.0,4,6
102284,1.0,0,1
102285,7.0,2,9
102286,3.0,3,6
102287,2.0,3,5
102288,4.0,2,6
102289,6.0,3,9
102290,2.0,3,5
102291,7.0,3,10
102292,4.0,2,6
102293,10.0,1,11
102294,8.0,6,14
102295,6.0,3,9
102296,7.0,1,8
102297,3.0,3,6
102298,4.0,5,9
102299,8.0,0,8
102300,5.0,3,8
102301,4.0,5,9
102302,4.0,2,6
102303,5.0,5,10
102304,5.0,5,10
102305,4.0,1,5
102306,3.0,3,6
102307,6.0,3,9
102308,8.0,2,10
102309,5.0,7,12
102310,5.0,7,12
102311,3.0,2,5
102312,5.0,1,6
102313,5.0,3,8
102314,10.0,2,12
102315,4.0,7,11
102316,4.0,3,7
102317,9.0,3,12
102318,5.0,7,12
102319,4.0,3,7
102320,2.0,3,5
102321,4.0,6,10
102322,4.0,4,8
102323,5.0,3,8
102324,2.0,4,6
102325,8.0,4,12
102326,,1,4
102327,5.0,2,7
102328,4.0,3,7
102329,5.0,2,7
102330,7.0,0,7
102331,6.0,1,7
102332,7.0,0,7
102333,3.0,3,6
102334,8.0,0,8
102335,3.0,2,5
102336,6.0,1,7
102337,6.0,2,8
102338,6.0,0,6
102339,3.0,7,10
102340,1.0,3,4
102341,6.0,2,8
102342,5.0,4,9
102343,2.0,1,3
102344,4.0,4,8
102345,10.0,5,15
102346,3.0,3,6
102347,11.0,2,13
102348,2.0,0,2
102349,3.0,0,3
102350,3.0,4,7
102351,2.0,0,2
102352,3.0,4,7
102353,6.0,5,11
102354,6.0,2,8
102355,7.0,0,7
102356,3.0,1,4
102357,5.0,6,11
102358,2.0,1,3
102359,5.0,0,5
102360,4.0,2,6
102361,1.0,3,4
102362,3.0,7,10
102363,3.0,3,6
102364,8.0,4,12
102365,10.0,4,14
102366,4.0,1,5
102367,5.0,3,8
102368,6.0,1,7
102369,3.0,4,7
102370,11.0,4,15
102371,5.0,5,10
102372,5.0,3,8
102373,3.0,6,9
102374,7.0,3,10
102375,2.0,2,4
102376,5.0,1,6
102377,4.0,7,11
102378,6.0,8,14
102379,4.0,2,6
102380,5.0,5,10
102381,3.0,3,6
102382,5.0,5,10
102383,6.0,2,8
102384,3.0,4,7
102385,7.0,1,8
102386,4.0,3,7
102387,2.0,4,6
102388,12.0,2,14
102389,4.0,2,6
102390,2.0,4,6
102391,7.0,3,10
102392,1.0,2,3
102393,0.0,2,2
102394,3.0,4,7
102395,10.0,6,16
102396,2.0,1,3
102397,9.0,2,11
102398,3.0,3,6
102399,6.0,1,7
102400,5.0,4,9
102401,3.0,3,6
102402,8.0,4,12
102403,4.0,4,8
102404,5.0,3,8
102405,4.0,1,5
102406,4.0,3,7
102407,3.0,5,8
102408,5.0,2,7
102409,3.0,2,5
102410,7.0,4,11
102411,2.0,6,8
102412,7.0,1,8
102413,4.0,3,7
102414,3.0,3,6
102415,3.0,4,7
102416,8.0,3,11
102417,10.0,4,14
102418,5.0,0,5
102419,8.0,1,9
102420,1.0,5,6
102421,6.0,3,9
102422,2.0,2,4
102423,4.0,1,5
102424,4.0,3,7
102425,8.0,3,11
102426,7.0,2,9
102427,4.0,3,7
102428,7.0,2,9
102429,5.0,7,12
102430,7.0,1,8
102431,3.0,1,4
102432,4.0,5,9
102433,8.0,5,13
102434,7.0,2,9
102435,2.0,1,3
102436,2.0,2,4
102437,6.0,5,11
102438,8.0,3,11
102439,4.0,4,8
102440,6.0,1,7
102441,8.0,4,12
102442,6.0,4,10
102443,,5,9
102444,6.0,2,8
102445,6.0,3,9
102446,4.0,2,6
102447,4.0,1,5
102448,5.0,3,8
102449,9.0,5,14
102450,,3,8
102451,6.0,1,7
102452,9.0,2,11
102453,3.0,6,9
102454,10.0,5,15
102455,7.0,4,11
102456,6.0,3,9
102457,5.0,1,6
102458,5.0,6,11
102459,9.0,0,9
102460,7.0,1,8
102461,7.0,3,10
102462,5.0,3,8
102463,2.0,3,5
102464,5.0,3,8
102465,4.0,3,7
102466,7.0,4,11
102467,3.0,3,6
102468,3.0,4,7
102469,6.0,1,7
102470,3.0,3,6
102471,5.0,3,8
102472,3.0,2,5
102473,8.0,2,10
102474,3.0,3,6
102475,7.0,2,9
102476,5.0,0,5
102477,6.0,0,6
102478,4.0,2,6
102479,6.0,4,10
102480,7.0,5,12
102481,10.0,2,12
102482,7.0,1,8
102483,6.0,1,7
102484,4.0,3,7
102485,6.0,5,11
102486,,2,4
102487,2.0,4,6
102488,3.0,2,5
102489,9.0,3,12
102490,4.0,2,6
102491,7.0,5,12
102492,8.0,4,12
102493,,4,10
102494,3.0,3,6
102495,6.0,3,9
102496,3.0,2,5
102497,7.0,1,8
102498,6.0,5,11
102499,,9,11
102500,1.0,6,7
102501,2.0,1,3
102502,5.0,3,8
102503,4.0,2,6
102504,5.0,2,7
102505,8.0,7,15
102506,4.0,4,8
102507,6.0,1,7
102508,3.0,5,8
102509,,3,7
102510,8.0,3,11
102511,5.0,4,9
102512,7.0,6,13
102513,2.0,4,6
102514,5.0,5,10
102515,10.0,1,11
102516,4.0,3,7
102517,5.0,4,9
102518,3.0,6,9
102519,3.0,1,4
102520,8.0,2,10
102521,3.0,3,6
102522,7.0,2,9
102523,8.0,2,10
102524,4.0,3,7
102525,5.0,4,9
102526,6.0,5,11
102527,1.0,2,3
102528,2.0,4,6
102529,3.0,4,7
102530,4.0,4,8
102531,4.0,3,7
102532,4.0,2,6
102533,3.0,2,5
102534,5.0,2,7
102535,5.0,0,5
102536,2.0,1,3
102537,6.0,0,6
102538,3.0,7,10
102539,,1,5
102540,,6,9
102541,6.0,2,8
102542,4.0,3,7
102543,1.0,6,7
102544,9.0,3,12
102545,7.0,1,8
102546,5.0,1,6
102547,,2,6
102548,2.0,4,6
102549,4.0,1,5
102550,5.0,1,6
102551,4.0,4,8
102552,6.0,5,11
102553,3.0,1,4
102554,7.0,2,9
102555,5.0,4,9
102556,6.0,8,14
102557,7.0,3,10
102558,2.0,3,5
102559,6.0,8,14
102560,4.0,6,10
102561,6.0,1,7
102562,3.0,5,8
102563,6.0,3,9
102564,8.0,2,10
102565,3.0,6,9
102566,7.0,1,8
102567,15.0,6,21
102568,7.0,0,7
102569,6.0,3,9
102570,3.0,2,5
102571,2.0,4,6
102572,5.0,5,10
102573,6.0,2,8
102574,6.0,1,7
102575,4.0,5,9
102576,1.0,2,3
102577,6.0,9,15
102578,8.0,6,14
102579,2.0,4,6
102580,2.0,1,3
102581,2.0,1,3
102582,5.0,2,7
102583,7.0,3,10
102584,7.0,1,8
102585,9.0,4,13
102586,4.0,5,9
102587,7.0,4,11
102588,5.0,0,5
102589,7.0,3,10
102590,7.0,3,10
102591,3.0,6,9
102592,5.0,7,12
102593,5.0,3,8
102594,5.0,5,10
102595,5.0,2,7
102596,8.0,2,10
102597,2.0,1,3
102598,6.0,7,13
102599,6.0,5,11
102600,6.0,0,6
102601,1.0,4,5
102602,10.0,6,16
102603,5.0,1,6
102604,3.0,4,7
102605,0.0,2,2
102606,7.0,1,8
102607,4.0,2,6
102608,6.0,0,6
102609,4.0,2,6
102610,2.0,4,6
102611,4.0,4,8
102612,9.0,4,13
102613,4.0,3,7
102614,5.0,4,9
102615,8.0,2,10
102616,2.0,2,4
102617,2.0,1,3
102618,5.0,2,7
102619,4.0,3,7
102620,8.0,4,12
102621,6.0,2,8
102622,9.0,2,11
102623,,2,9
102624,,1,3
102625,8.0,2,10
102626,3.0,3,6
102627,5.0,2,7
102628,4.0,2,6
102629,5.0,0,5
102630,4.0,1,5
102631,8.0,2,10
102632,0.0,4,4
102633,7.0,0,7
102634,4.0,2,6
102635,5.0,2,7
102636,2.0,4,6
102637,3.0,1,4
102638,3.0,1,4
102639,1.0,3,4
102640,3.0,1,4
102641,4.0,4,8
102642,4.0,6,10
102643,7.0,2,9
102644,9.0,4,13
102645,1.0,2,3
102646,3.0,3,6
102647,5.0,8,13
102648,1.0,1,2
102649,3.0,2,5
102650,,2,7
102651,7.0,2,9
102652,4.0,2,6
102653,6.0,3,9
102654,4.0,2,6
102655,3.0,7,10
102656,5.0,4,9
102657,4.0,2,6
102658,4.0,1,5
102659,4.0,2,6
102660,5.0,1,6
102661,4.0,3,7
102662,,4,12
102663,,2,5
102664,5.0,3,8
102665,4.0,1,5
102666,3.0,1,4
102667,5.0,0,5
102668,5.0,4,9
102669,5.0,2,7
102670,2.0,4,6
102671,4.0,7,11
102672,4.0,5,9
102673,7.0,1,8
102674,2.0,2,4
102675,3.0,4,7
102676,4.0,4,8
102677,5.0,2,7
102678,7.0,2,9
102679,5.0,2,7
102680,3.0,3,6
102681,2.0,3,5
102682,5.0,1,6
102683,7.0,3,10
102684,5.0,4,9
102685,5.0,1,6
102686,7.0,1,8
102687,,3,10
102688,10.0,4,14
102689,4.0,3,7
102690,4.0,3,7
102691,0.0,3,3
102692,3.0,3,6
102693,3.0,2,5
102694,2.0,4,6
102695,9.0,1,10
102696,8.0,2,10
102697,8.0,5,13
102698,4.0,2,6
102699,10.0,4,14
102700,3.0,4,7
102701,2.0,3,5
102702,2.0,1,3
102703,2.0,3,5
102704,6.0,2,8
102705,2.0,3,5
102706,9.0,3,12
102707,8.0,5,13
102708,4.0,1,5
102709,4.0,1,5
102710,3.0,2,5
102711,9.0,5,14
102712,10.0,3,13
102713,5.0,3,8
102714,5.0,1,6
102715,9.0,3,12
102716,2.0,3,5
102717,5.0,5,10
102718,5.0,3,8
102719,8.0,2,10
102720,6.0,2,8
102721,6.0,7,13
102722,7.0,1,8
102723,5.0,1,6
102724,5.0,3,8
102725,7.0,5,12
102726,4.0,2,6
102727,4.0,5,9
102728,6.0,2,8
102729,6.0,2,8
102730,4.0,3,7
102731,3.0,6,9
102732,3.0,0,3
102733,10.0,2,12
102734,6.0,4,10
102735,6.0,7,13
102736,4.0,2,6
102737,1.0,3,4
102738,5.0,5,10
102739,7.0,3,10
102740,4.0,2,6
102741,3.0,6,9
102742,5.0,6,11
102743,7.0,4,11
102744,9.0,5,14
102745,2.0,2,4
102746,6.0,2,8
102747,2.0,2,4
102748,3.0,5,8
102749,5.0,3,8
102750,3.0,1,4
102751,4.0,2,6
102752,5.0,1,6
102753,4.0,1,5
102754,5.0,1,6
102755,,4,6
102756,4.0,6,10
102757,5.0,3,8
102758,6.0,3,9
102759,,2,12
102760,5.0,3,8
102761,6.0,3,9
102762,7.0,4,11
102763,4.0,2,6
102764,7.0,4,11
102765,6.0,3,9
102766,2.0,3,5
102767,3.0,2,5
102768,4.0,2,6
102769,4.0,6,10
102770,5.0,4,9
102771,7.0,1,8
102772,,4,7
102773,3.0,2,5
102774,6.0,3,9
102775,3.0,1,4
102776,9.0,5,14
102777,7.0,1,8
102778,5.0,2,7
102779,6.0,1,7
102780,6.0,3,9
102781,3.0,3,6
102782,8.0,2,10
102783,10.0,4,14
102784,6.0,1,7
102785,7.0,4,11
102786,2.0,3,5
102787,5.0,2,7
102788,8.0,1,9
102789,,2,8
102790,2.0,3,5
102791,3.0,4,7
102792,10.0,1,11
102793,3.0,3,6
102794,4.0,2,6
102795,9.0,6,15
102796,2.0,3,5
102797,5.0,8,13
102798,1.0,4,5
102799,5.0,1,6
102800,9.0,2,11
102801,2.0,2,4
102802,5.0,8,13
102803,6.0,0,6
102804,7.0,3,10
102805,3.0,6,9
102806,7.0,3,10
102807,7.0,0,7
102808,6.0,2,8
102809,4.0,3,7
102810,10.0,4,14
102811,6.0,1,7
102812,8.0,6,14
102813,3.0,3,6
102814,6.0,4,10
102815,9.0,2,11
102816,3.0,5,8
102817,7.0,5,12
102818,4.0,8,12
102819,3.0,4,7
102820,9.0,2,11
102821,4.0,3,7
102822,4.0,2,6
102823,3.0,1,4
102824,2.0,3,5
102825,3.0,3,6
102826,6.0,1,7
102827,12.0,1,13
102828,7.0,1,8
102829,4.0,2,6
102830,7.0,2,9
102831,5.0,1,6
102832,8.0,0,8
102833,4.0,2,6
102834,7.0,2,9
102835,5.0,3,8
102836,2.0,7,9
102837,,3,7
102838,6.0,2,8
102839,6.0,0,6
102840,4.0,1,5
102841,3.0,1,4
102842,4.0,4,8
102843,5.0,3,8
102844,7.0,2,9
102845,10.0,3,13
102846,7.0,2,9
102847,5.0,2,7
102848,3.0,5,8
102849,4.0,6,10
102850,4.0,6,10
102851,8.0,5,13
102852,8.0,4,12
102853,4.0,3,7
102854,4.0,2,6
102855,8.0,4,12
102856,4.0,1,5
102857,6.0,2,8
102858,6.0,4,10
102859,1.0,3,4
102860,,3,8
102861,3.0,2,5
102862,9.0,2,11
102863,4.0,2,6
102864,8.0,3,11
102865,,4,12
102866,2.0,3,5
102867,6.0,4,10
102868,9.0,2,11
102869,4.0,4,8
102870,4.0,3,7
102871,6.0,2,8
102872,13.0,4,17
102873,6.0,2,8
102874,8.0,4,12
102875,8.0,8,16
102876,1.0,3,4
102877,8.0,3,11
102878,,0,4
102879,4.0,4,8
102880,2.0,2,4
102881,6.0,3,9
102882,6.0,4,10
102883,3.0,6,9
102884,,6,11
102885,8.0,1,9
102886,9.0,2,11
102887,,4,7
102888,2.0,1,3
102889,7.0,2,9
102890,6.0,2,8
102891,,4,10
102892,6.0,3,9
102893,4.0,4,8
102894,6.0,4,10
102895,10.0,2,12
102896,,4,8
102897,3.0,6,9
102898,0.0,4,4
102899,8.0,4,12
102900,3.0,3,6
102901,4.0,3,7
102902,5.0,3,8
102903,3.0,3,6
102904,2.0,2,4
102905,8.0,2,10
102906,4.0,4,8
102907,3.0,3,6
102908,8.0,1,9
102909,5.0,4,9
102910,6.0,3,9
102911,7.0,2,9
102912,10.0,3,13
102913,7.0,2,9
102914,,1,4
102915,3.0,3,6
102916,7.0,1,8
102917,3.0,1,4
102918,3.0,3,6
102919,3.0,0,3
102920,8.0,5,13
102921,2.0,3,5
102922,5.0,1,6
102923,4.0,2,6
102924,,0,2
102925,3.0,2,5
102926,2.0,2,4
102927,6.0,2,8
102928,3.0,3,6
102929,6.0,1,7
102930,5.0,4,9
102931,4.0,4,8
102932,6.0,2,8
102933,6.0,2,8
102934,,3,9
102935,7.0,1,8
102936,10.0,4,14
102937,12.0,1,13
102938,5.0,1,6
102939,7.0,3,10
102940,10.0,4,14
102941,2.0,4,6
102942,4.0,5,9
102943,6.0,1,7
102944,4.0,6,10
102945,5.0,8,13
102946,3.0,5,8
102947,3.0,6,9
102948,3.0,3,6
102949,6.0,0,6
102950,5.0,3,8
102951,9.0,2,11
102952,1.0,3,4
102953,,4,9
102954,6.0,1,7
102955,5.0,3,8
102956,8.0,3,11
102957,4.0,5,9
102958,6.0,6,12
102959,5.0,2,7
102960,7.0,4,11
102961,4.0,3,7
102962,,3,10
102963,4.0,2,6
102964,5.0,3,8
102965,5.0,1,6
102966,5.0,3,8
102967,,2,8
102968,5.0,1,6
102969,3.0,4,7
102970,3.0,2,5
102971,5.0,5,10
102972,,4,8
102973,5.0,3,8
102974,2.0,5,7
102975,8.0,2,10
102976,4.0,6,10
102977,1.0,2,3
102978,3.0,2,5
102979,6.0,3,9
102980,7.0,3,10
102981,5.0,3,8
102982,3.0,3,6
102983,5.0,6,11
102984,4.0,5,9
102985,4.0,4,8
102986,2.0,3,5
102987,,2,5
102988,,2,6
102989,6.0,1,7
102990,8.0,2,10
102991,5.0,3,8
102992,2.0,3,5
102993,3.0,4,7
102994,6.0,0,6
102995,6.0,1,7
102996,9.0,3,12
102997,5.0,3,8
102998,3.0,6,9
102999,6.0,2,8
103000,4.0,3,7
103001,5.0,2,7
103002,4.0,5,9
103003,7.0,3,10
103004,9.0,2,11
103005,6.0,1,7
103006,5.0,2,7
103007,2.0,10,12
103008,7.0,4,11
103009,2.0,5,7
103010,5.0,3,8
103011,5.0,3,8
103012,4.0,2,6
103013,2.0,3,5
103014,11.0,2,13
103015,5.0,0,5
103016,8.0,2,10
103017,10.0,3,13
103018,10.0,2,12
103019,5.0,3,8
103020,2.0,6,8
103021,7.0,1,8
103022,7.0,3,10
103023,10.0,1,11
103024,3.0,5,8
103025,7.0,4,11
103026,6.0,2,8
103027,2.0,3,5
103028,2.0,2,4
103029,3.0,2,5
103030,4.0,5,9
103031,2.0,1,3
103032,9.0,2,11
103033,7.0,5,12
103034,8.0,3,11
103035,3.0,5,8
103036,7.0,1,8
103037,3.0,3,6
103038,10.0,5,15
103039,4.0,4,8
103040,7.0,2,9
103041,2.0,2,4
103042,,3,5
103043,5.0,3,8
103044,10.0,5,15
103045,6.0,3,9
103046,4.0,2,6
103047,1.0,6,7
103048,8.0,5,13
103049,5.0,4,9
103050,3.0,3,6
103051,4.0,5,9
103052,3.0,6,9
103053,3.0,0,3
103054,4.0,6,10
103055,4.0,2,6
103056,5.0,3,8
103057,3.0,5,8
103058,6.0,3,9
103059,4.0,3,7
103060,6.0,4,10
103061,6.0,2,8
103062,5.0,4,9
103063,7.0,1,8
103064,5.0,5,10
103065,6.0,2,8
103066,4.0,2,6
103067,8.0,6,14
103068,11.0,3,14
103069,6.0,2,8
103070,3.0,2,5
103071,4.0,3,7
103072,8.0,4,12
103073,6.0,2,8
103074,5.0,5,10
103075,6.0,1,7
103076,4.0,3,7
103077,5.0,2,7
103078,,3,17
103079,4.0,2,6
103080,6.0,6,12
103081,2.0,2,4
103082,5.0,3,8
103083,5.0,4,9
103084,4.0,3,7
103085,3.0,5,8
103086,6.0,3,9
103087,5.0,5,10
103088,7.0,3,10
103089,8.0,2,10
103090,6.0,1,7
103091,5.0,1,6
103092,8.0,0,8
103093,9.0,3,12
103094,3.0,2,5
103095,5.0,2,7
103096,2.0,1,3
103097,6.0,4,10
103098,9.0,4,13
103099,5.0,6,11
103100,7.0,1,8
103101,7.0,3,10
103102,3.0,0,3
103103,5.0,1,6
103104,5.0,8,13
103105,4.0,3,7
103106,5.0,2,7
103107,4.0,2,6
103108,8.0,2,10
103109,7.0,3,10
103110,6.0,4,10
103111,7.0,1,8
103112,10.0,5,15
103113,4.0,5,9
103114,9.0,4,13
103115,9.0,1,10
103116,9.0,6,15
103117,3.0,1,4
103118,3.0,5,8
103119,8.0,3,11
103120,6.0,3,9
103121,9.0,6,15
103122,2.0,0,2
103123,6.0,1,7
103124,2.0,4,6
103125,9.0,5,14
103126,6.0,10,16
103127,1.0,3,4
103128,3.0,4,7
103129,,6,10
103130,4.0,2,6
103131,6.0,3,9
103132,8.0,7,15
103133,5.0,3,8
103134,11.0,5,16
103135,9.0,4,13
103136,5.0,5,10
103137,4.0,3,7
103138,,3,6
103139,12.0,6,18
103140,5.0,1,6
103141,12.0,3,15
103142,4.0,1,5
103143,5.0,2,7
103144,3.0,4,7
103145,3.0,2,5
103146,5.0,3,8
103147,3.0,2,5
103148,8.0,2,10
103149,6.0,4,10
103150,4.0,1,5
103151,2.0,2,4
103152,8.0,2,10
103153,7.0,2,9
103154,3.0,1,4
103155,3.0,2,5
103156,8.0,5,13
103157,5.0,4,9
103158,6.0,4,10
103159,9.0,3,12
103160,4.0,3,7
103161,5.0,0,5
103162,6.0,2,8
103163,,1,8
103164,3.0,1,4
103165,4.0,5,9
103166,4.0,3,7
103167,1.0,1,2
103168,5.0,4,9
103169,4.0,5,9
103170,1.0,2,3
103171,3.0,1,4
103172,7.0,4,11
103173,0.0,5,5
103174,9.0,5,14
103175,5.0,2,7
103176,4.0,5,9
103177,0.0,4,4
103178,6.0,4,10
103179,6.0,3,9
103180,2.0,0,2
103181,3.0,5,8
103182,5.0,2,7
103183,7.0,5,12
103184,5.0,5,10
103185,5.0,2,7
103186,6.0,5,11
103187,3.0,5,8
103188,5.0,2,7
103189,4.0,6,10
103190,3.0,2,5
103191,7.0,3,10
103192,4.0,3,7
103193,7.0,6,13
103194,6.0,6,12
103195,4.0,2,6
103196,4.0,1,5
103197,,4,7
103198,5.0,3,8
103199,4.0,2,6
103200,10.0,4,14
103201,8.0,1,9
103202,2.0,3,5
103203,3.0,2,5
103204,7.0,2,9
103205,4.0,5,9
103206,6.0,2,8
103207,4.0,1,5
103208,5.0,3,8
103209,5.0,0,5
103210,9.0,3,12
103211,4.0,3,7
103212,1.0,1,2
103213,4.0,1,5
103214,6.0,3,9
103215,3.0,6,9
103216,4.0,3,7
103217,10.0,4,14
103218,9.0,4,13
103219,6.0,2,8
103220,7.0,2,9
103221,0.0,2,2
103222,6.0,1,7
103223,,3,5
103224,3.0,2,5
103225,13.0,3,16
103226,5.0,1,6
103227,2.0,3,5
103228,6.0,5,11
103229,6.0,2,8
103230,4.0,1,5
103231,8.0,1,9
103232,,6,16
103233,9.0,7,16
103234,4.0,0,4
103235,3.0,0,3
103236,6.0,1,7
103237,7.0,1,8
103238,5.0,3,8
103239,4.0,4,8
103240,6.0,3,9
103241,5.0,3,8
103242,5.0,2,7
103243,1.0,5,6
103244,6.0,3,9
103245,4.0,5,9
103246,4.0,2,6
103247,2.0,2,4
103248,5.0,1,6
103249,,4,8
103250,9.0,4,13
103251,4.0,2,6
103252,0.0,2,2
103253,11.0,5,16
103254,8.0,3,11
103255,7.0,2,9
103256,6.0,4,10
103257,3.0,4,7
103258,5.0,0,5
103259,6.0,7,13
103260,3.0,5,8
103261,5.0,2,7
103262,8.0,2,10
103263,6.0,3,9
103264,7.0,5,12
103265,4.0,2,6
103266,3.0,2,5
103267,8.0,2,10
103268,1.0,4,5
103269,5.0,7,12
103270,6.0,3,9
103271,5.0,4,9
103272,5.0,6,11
103273,5.0,2,7
103274,5.0,4,9
103275,6.0,0,6
103276,5.0,2,7
103277,5.0,3,8
103278,8.0,3,11
103279,3.0,6,9
103280,5.0,3,8
103281,3.0,5,8
103282,3.0,3,6
103283,7.0,3,10
103284,4.0,2,6
103285,4.0,2,6
103286,2.0,2,4
103287,6.0,2,8
103288,3.0,6,9
103289,7.0,3,10
103290,7.0,0,7
103291,8.0,3,11
103292,6.0,5,11
103293,7.0,4,11
103294,4.0,3,7
103295,7.0,0,7
103296,,3,5
103297,5.0,4,9
103298,3.0,4,7
103299,7.0,4,11
103300,5.0,5,10
103301,7.0,3,10
103302,9.0,4,13
103303,6.0,2,8
103304,5.0,3,8
103305,7.0,1,8
103306,1.0,3,4
103307,3.0,1,4
103308,,3,6
103309,11.0,3,14
103310,4.0,1,5
103311,2.0,1,3
103312,5.0,6,11
103313,7.0,5,12
103314,2.0,2,4
103315,5.0,2,7
103316,2.0,2,4
103317,1.0,3,4
103318,6.0,4,10
103319,4.0,0,4
103320,7.0,4,11
103321,7.0,5,12
103322,6.0,2,8
103323,6.0,3,9
103324,6.0,2,8
103325,7.0,1,8
103326,4.0,2,6
103327,9.0,3,12
103328,4.0,3,7
103329,6.0,4,10
103330,7.0,4,11
103331,4.0,6,10
103332,6.0,1,7
103333,2.0,5,7
103334,6.0,5,11
103335,,3,7
103336,3.0,6,9
103337,3.0,7,10
103338,5.0,4,9
103339,3.0,3,6
103340,4.0,5,9
103341,3.0,3,6
103342,6.0,6,12
103343,9.0,1,10
103344,5.0,1,6
103345,6.0,2,8
103346,4.0,3,7
103347,3.0,4,7
103348,9.0,3,12
103349,3.0,4,7
103350,9.0,2,11
103351,4.0,0,4
103352,8.0,2,10
103353,3.0,3,6
103354,,2,5
103355,,3,8
103356,8.0,3,11
103357,3.0,4,7
103358,,0,4
103359,8.0,3,11
103360,3.0,4,7
103361,3.0,3,6
103362,2.0,4,6
103363,7.0,4,11
103364,2.0,1,3
103365,,2,8
103366,5.0,2,7
103367,6.0,2,8
103368,2.0,4,6
103369,10.0,1,11
103370,3.0,4,7
103371,6.0,0,6
103372,5.0,5,10
103373,7.0,4,11
103374,6.0,3,9
103375,7.0,0,7
103376,4.0,2,6
103377,7.0,0,7
103378,2.0,2,4
103379,6.0,4,10
103380,7.0,2,9
103381,5.0,3,8
103382,4.0,1,5
103383,5.0,2,7
103384,2.0,2,4
103385,8.0,2,10
103386,5.0,1,6
103387,6.0,2,8
103388,5.0,4,9
103389,6.0,4,10
103390,8.0,4,12
103391,7.0,5,12
103392,0.0,2,2
103393,4.0,1,5
103394,7.0,4,11
103395,7.0,2,9
103396,2.0,3,5
103397,3.0,0,3
103398,,2,11
103399,7.0,3,10
103400,8.0,1,9
103401,4.0,0,4
103402,2.0,3,5
103403,6.0,6,12
103404,2.0,3,5
103405,4.0,5,9
103406,9.0,4,13
103407,4.0,2,6
103408,3.0,5,8
103409,4.0,1,5
103410,,1,3
103411,,5,12
103412,7.0,3,10
103413,2.0,2,4
103414,4.0,1,5
103415,4.0,5,9
103416,5.0,4,9
103417,6.0,3,9
103418,6.0,0,6
103419,8.0,1,9
103420,4.0,2,6
103421,1.0,9,10
103422,4.0,1,5
103423,6.0,2,8
103424,3.0,3,6
103425,4.0,4,8
103426,1.0,1,2
103427,7.0,2,9
103428,2.0,3,5
103429,,3,12
103430,6.0,6,12
103431,5.0,5,10
103432,10.0,3,13
103433,7.0,1,8
103434,5.0,2,7
103435,4.0,2,6
103436,11.0,2,13
103437,4.0,2,6
103438,3.0,6,9
103439,1.0,4,5
103440,7.0,3,10
103441,5.0,2,7
103442,7.0,1,8
103443,5.0,1,6
103444,2.0,4,6
103445,5.0,5,10
103446,9.0,4,13
103447,11.0,1,12
103448,6.0,4,10
103449,6.0,2,8
103450,3.0,4,7
103451,8.0,1,9
103452,3.0,2,5
103453,8.0,4,12
103454,7.0,1,8
103455,6.0,3,9
103456,6.0,3,9
103457,3.0,7,10
103458,7.0,4,11
103459,4.0,3,7
103460,4.0,1,5
103461,10.0,3,13
103462,,2,8
103463,2.0,3,5
103464,4.0,3,7
103465,3.0,2,5
103466,9.0,5,14
103467,6.0,3,9
103468,3.0,0,3
103469,7.0,2,9
103470,5.0,2,7
103471,7.0,1,8
103472,7.0,3,10
103473,2.0,7,9
103474,7.0,1,8
103475,3.0,6,9
103476,7.0,6,13
103477,5.0,3,8
103478,8.0,2,10
103479,3.0,1,4
103480,7.0,5,12
103481,4.0,3,7
103482,3.0,1,4
103483,3.0,3,6
103484,2.0,3,5
103485,9.0,6,15
103486,10.0,3,13
103487,7.0,3,10
103488,7.0,1,8
103489,4.0,1,5
103490,4.0,2,6
103491,5.0,6,11
103492,3.0,5,8
103493,7.0,1,8
103494,4.0,2,6
103495,4.0,2,6
103496,,2,6
103497,,3,11
103498,5.0,2,7
103499,,1,4
103500,11.0,5,16
103501,7.0,2,9
103502,5.0,3,8
103503,6.0,0,6
103504,2.0,3,5
103505,1.0,5,6
103506,3.0,2,5
103507,5.0,5,10
103508,7.0,7,14
103509,3.0,2,5
103510,4.0,6,10
103511,2.0,4,6
103512,5.0,4,9
103513,2.0,1,3
103514,5.0,4,9
103515,7.0,2,9
103516,3.0,8,11
103517,6.0,3,9
103518,3.0,5,8
103519,10.0,1,11
103520,5.0,5,10
103521,3.0,3,6
103522,7.0,6,13
103523,3.0,2,5
103524,5.0,2,7
103525,4.0,5,9
103526,7.0,4,11
103527,4.0,2,6
103528,,2,6
103529,3.0,0,3
103530,6.0,2,8
103531,10.0,3,13
103532,3.0,3,6
103533,5.0,3,8
103534,4.0,1,5
103535,5.0,3,8
103536,2.0,4,6
103537,3.0,2,5
103538,4.0,4,8
103539,6.0,3,9
103540,7.0,6,13
103541,4.0,3,7
103542,7.0,4,11
103543,4.0,3,7
103544,5.0,1,6
103545,6.0,2,8
103546,9.0,2,11
103547,3.0,3,6
103548,9.0,5,14
103549,6.0,2,8
103550,2.0,4,6
103551,9.0,4,13
103552,4.0,3,7
103553,5.0,3,8
103554,5.0,6,11
103555,4.0,4,8
103556,3.0,2,5
103557,5.0,3,8
103558,4.0,0,4
103559,3.0,4,7
103560,5.0,4,9
103561,6.0,1,7
103562,9.0,1,10
103563,3.0,6,9
103564,,2,7
103565,7.0,1,8
103566,5.0,2,7
103567,2.0,3,5
103568,,1,6
103569,7.0,3,10
103570,8.0,3,11
103571,,2,4
103572,3.0,2,5
103573,6.0,3,9
103574,3.0,6,9
103575,6.0,3,9
103576,10.0,4,14
103577,2.0,3,5
103578,6.0,0,6
103579,5.0,2,7
103580,3.0,4,7
103581,4.0,1,5
103582,5.0,4,9
103583,5.0,2,7
103584,9.0,4,13
103585,6.0,2,8
103586,4.0,5,9
103587,3.0,2,5
103588,4.0,5,9
103589,,5,7
103590,5.0,1,6
103591,4.0,2,6
103592,2.0,2,4
103593,5.0,2,7
103594,11.0,5,16
103595,4.0,2,6
103596,6.0,3,9
103597,2.0,4,6
103598,,4,8
103599,9.0,3,12
103600,2.0,2,4
103601,5.0,6,11
103602,,2,6
103603,5.0,2,7
103604,3.0,2,5
103605,4.0,1,5
103606,5.0,1,6
103607,,4,11
103608,6.0,1,7
103609,5.0,1,6
103610,7.0,2,9
103611,5.0,4,9
103612,9.0,5,14
103613,5.0,4,9
103614,5.0,0,5
103615,8.0,2,10
103616,4.0,3,7
103617,2.0,3,5
103618,5.0,4,9
103619,3.0,1,4
103620,2.0,4,6
103621,5.0,2,7
103622,8.0,3,11
103623,3.0,3,6
103624,4.0,2,6
103625,11.0,3,14
103626,4.0,3,7
103627,7.0,5,12
103628,1.0,1,2
103629,3.0,4,7
103630,2.0,3,5
103631,6.0,6,12
103632,3.0,2,5
103633,5.0,3,8
103634,8.0,2,10
103635,8.0,3,11
103636,2.0,5,7
103637,6.0,2,8
103638,7.0,4,11
103639,3.0,2,5
103640,4.0,0,4
103641,8.0,2,10
103642,6.0,5,11
103643,,1,6
103644,2.0,1,3
103645,6.0,5,11
103646,5.0,6,11
103647,8.0,3,11
103648,3.0,4,7
103649,5.0,4,9
103650,4.0,3,7
103651,7.0,2,9
103652,9.0,4,13
103653,,4,10
103654,13.0,4,17
103655,,4,7
103656,7.0,1,8
103657,5.0,2,7
103658,6.0,3,9
103659,11.0,13,24
103660,7.0,4,11
103661,4.0,1,5
103662,8.0,0,8
103663,6.0,2,8
103664,4.0,5,9
103665,4.0,3,7
103666,7.0,3,10
103667,8.0,2,10
103668,3.0,4,7
103669,8.0,3,11
103670,,4,10
103671,8.0,1,9
103672,,4,7
103673,3.0,2,5
103674,7.0,3,10
103675,6.0,4,10
103676,6.0,2,8
103677,4.0,1,5
103678,3.0,4,7
103679,7.0,3,10
103680,7.0,1,8
103681,7.0,4,11
103682,5.0,2,7
103683,4.0,4,8
103684,4.0,1,5
103685,7.0,6,13
103686,5.0,6,11
103687,4.0,2,6
103688,3.0,2,5
103689,3.0,1,4
103690,3.0,3,6
103691,6.0,6,12
103692,5.0,1,6
103693,5.0,3,8
103694,4.0,0,4
103695,8.0,3,11
103696,7.0,1,8
103697,4.0,3,7
103698,3.0,2,5
103699,4.0,6,10
103700,,3,10
103701,9.0,3,12
103702,8.0,4,12
103703,3.0,3,6
103704,5.0,3,8
103705,6.0,1,7
103706,7.0,5,12
103707,6.0,3,9
103708,5.0,5,10
103709,8.0,5,13
103710,7.0,2,9
103711,4.0,2,6
103712,6.0,2,8
103713,9.0,4,13
103714,6.0,3,9
103715,5.0,2,7
103716,4.0,5,9
103717,3.0,2,5
103718,0.0,4,4
103719,6.0,6,12
103720,3.0,3,6
103721,4.0,4,8
103722,4.0,2,6
103723,8.0,4,12
103724,3.0,1,4
103725,4.0,1,5
103726,2.0,2,4
103727,5.0,5,10
103728,7.0,1,8
103729,9.0,3,12
103730,8.0,2,10
103731,10.0,5,15
103732,6.0,4,10
103733,14.0,3,17
103734,3.0,6,9
103735,6.0,3,9
103736,8.0,4,12
103737,4.0,3,7
103738,6.0,3,9
103739,8.0,1,9
103740,9.0,2,11
103741,6.0,5,11
103742,9.0,2,11
103743,1.0,5,6
103744,6.0,6,12
103745,,3,9
103746,7.0,2,9
103747,4.0,2,6
103748,13.0,3,16
103749,3.0,4,7
103750,5.0,1,6
103751,4.0,4,8
103752,4.0,2,6
103753,8.0,3,11
103754,3.0,0,3
103755,2.0,3,5
103756,4.0,5,9
103757,5.0,2,7
103758,5.0,6,11
103759,6.0,3,9
103760,7.0,0,7
103761,6.0,2,8
103762,4.0,1,5
103763,10.0,8,18
103764,7.0,4,11
103765,,3,8
103766,2.0,4,6
103767,5.0,3,8
103768,4.0,4,8
103769,,5,8
103770,2.0,5,7
103771,2.0,2,4
103772,6.0,2,8
103773,12.0,4,16
103774,7.0,4,11
103775,1.0,6,7
103776,8.0,5,13
103777,4.0,2,6
103778,3.0,5,8
103779,10.0,2,12
103780,2.0,5,7
103781,7.0,6,13
103782,3.0,4,7
103783,5.0,3,8
103784,5.0,4,9
103785,9.0,2,11
103786,2.0,4,6
103787,7.0,2,9
103788,5.0,2,7
103789,6.0,5,11
103790,4.0,2,6
103791,5.0,5,10
103792,,4,10
103793,,1,11
103794,7.0,2,9
103795,2.0,9,11
103796,7.0,4,11
103797,5.0,5,10
103798,9.0,3,12
103799,4.0,3,7
103800,7.0,4,11
103801,3.0,3,6
103802,7.0,2,9
103803,6.0,4,10
103804,3.0,2,5
103805,5.0,8,13
103806,4.0,1,5
103807,7.0,4,11
103808,6.0,5,11
103809,3.0,1,4
103810,,1,4
103811,2.0,3,5
103812,,2,8
103813,5.0,4,9
103814,6.0,4,10
103815,5.0,0,5
103816,6.0,2,8
103817,,5,8
103818,5.0,4,9
103819,8.0,2,10
103820,6.0,2,8
103821,4.0,3,7
103822,4.0,2,6
103823,2.0,3,5
103824,6.0,3,9
103825,10.0,2,12
103826,5.0,4,9
103827,3.0,0,3
103828,7.0,3,10
103829,6.0,2,8
103830,5.0,1,6
103831,6.0,6,12
103832,1.0,3,4
103833,5.0,2,7
103834,4.0,2,6
103835,9.0,1,10
103836,9.0,2,11
103837,6.0,3,9
103838,9.0,3,12
103839,7.0,4,11
103840,2.0,2,4
103841,3.0,1,4
103842,4.0,0,4
103843,5.0,4,9
103844,8.0,3,11
103845,4.0,2,6
103846,4.0,1,5
103847,4.0,2,6
103848,3.0,4,7
103849,2.0,1,3
103850,5.0,6,11
103851,9.0,2,11
103852,6.0,6,12
103853,3.0,5,8
103854,4.0,6,10
103855,3.0,2,5
103856,4.0,5,9
103857,3.0,4,7
103858,5.0,3,8
103859,6.0,1,7
103860,8.0,1,9
103861,2.0,2,4
103862,6.0,2,8
103863,4.0,3,7
103864,,4,9
103865,5.0,2,7
103866,7.0,1,8
103867,,3,10
103868,6.0,1,7
103869,5.0,5,10
103870,2.0,2,4
103871,0.0,2,2
103872,4.0,2,6
103873,4.0,1,5
103874,2.0,4,6
103875,5.0,3,8
103876,8.0,4,12
103877,5.0,7,12
103878,7.0,2,9
103879,7.0,6,13
103880,6.0,3,9
103881,6.0,2,8
103882,5.0,1,6
103883,5.0,5,10
103884,4.0,2,6
103885,10.0,4,14
103886,,4,6
103887,8.0,4,12
103888,2.0,2,4
103889,4.0,1,5
103890,7.0,4,11
103891,3.0,2,5
103892,6.0,7,13
103893,10.0,4,14
103894,,3,8
103895,4.0,6,10
103896,4.0,4,8
103897,7.0,3,10
103898,4.0,5,9
103899,1.0,2,3
103900,4.0,5,9
103901,2.0,2,4
103902,12.0,2,14
103903,4.0,1,5
103904,7.0,4,11
103905,8.0,4,12
103906,6.0,3,9
103907,,2,10
103908,4.0,4,8
103909,1.0,2,3
103910,3.0,2,5
103911,4.0,1,5
103912,4.0,1,5
103913,5.0,0,5
103914,6.0,2,8
103915,7.0,5,12
103916,7.0,4,11
103917,2.0,1,3
103918,6.0,1,7
103919,6.0,4,10
103920,4.0,3,7
103921,6.0,5,11
103922,8.0,3,11
103923,6.0,4,10
103924,2.0,3,5
103925,3.0,1,4
103926,9.0,2,11
103927,6.0,2,8
103928,8.0,5,13
103929,3.0,4,7
103930,5.0,1,6
103931,9.0,4,13
103932,5.0,2,7
103933,2.0,10,12
103934,7.0,2,9
103935,2.0,2,4
103936,,0,2
103937,6.0,2,8
103938,,3,8
103939,7.0,6,13
103940,6.0,2,8
103941,5.0,8,13
103942,7.0,1,8
103943,5.0,4,9
103944,5.0,3,8
103945,9.0,0,9
103946,7.0,1,8
103947,3.0,3,6
103948,7.0,2,9
103949,6.0,2,8
103950,7.0,0,7
103951,3.0,2,5
103952,4.0,0,4
103953,7.0,3,10
103954,8.0,4,12
103955,5.0,2,7
103956,5.0,4,9
103957,5.0,4,9
103958,4.0,4,8
103959,5.0,2,7
103960,5.0,3,8
103961,3.0,0,3
103962,3.0,4,7
103963,3.0,2,5
103964,3.0,4,7
103965,6.0,1,7
103966,6.0,4,10
103967,6.0,3,9
103968,5.0,3,8
103969,3.0,4,7
103970,6.0,1,7
103971,6.0,3,9
103972,5.0,5,10
103973,,3,7
103974,,3,8
103975,6.0,4,10
103976,4.0,2,6
103977,4.0,4,8
103978,4.0,7,11
103979,6.0,2,8
103980,,3,7
103981,3.0,2,5
103982,4.0,2,6
103983,6.0,2,8
103984,4.0,2,6
103985,3.0,2,5
103986,6.0,4,10
103987,6.0,2,8
103988,3.0,0,3
103989,3.0,1,4
103990,2.0,2,4
103991,3.0,7,10
103992,5.0,3,8
103993,,1,8
103994,3.0,3,6
103995,3.0,4,7
103996,6.0,5,11
103997,7.0,3,10
103998,3.0,3,6
103999,6.0,2,8
104000,8.0,0,8
104001,3.0,1,4
104002,3.0,3,6
104003,5.0,2,7
104004,5.0,4,9
104005,7.0,0,7
104006,9.0,4,13
104007,4.0,4,8
104008,6.0,3,9
104009,6.0,4,10
104010,5.0,3,8
104011,6.0,0,6
104012,10.0,1,11
104013,4.0,3,7
104014,3.0,5,8
104015,8.0,4,12
104016,6.0,3,9
104017,7.0,3,10
104018,5.0,1,6
104019,6.0,3,9
104020,2.0,3,5
104021,4.0,4,8
104022,4.0,5,9
104023,5.0,4,9
104024,6.0,2,8
104025,6.0,2,8
104026,3.0,2,5
104027,6.0,3,9
104028,3.0,7,10
104029,7.0,5,12
104030,3.0,4,7
104031,6.0,0,6
104032,9.0,0,9
104033,3.0,6,9
104034,5.0,6,11
104035,7.0,2,9
104036,2.0,2,4
104037,4.0,2,6
104038,4.0,3,7
104039,12.0,0,12
104040,3.0,0,3
104041,,2,6
104042,7.0,6,13
104043,,4,10
104044,9.0,2,11
104045,6.0,1,7
104046,3.0,4,7
104047,3.0,5,8
104048,1.0,1,2
104049,4.0,3,7
104050,4.0,2,6
104051,2.0,4,6
104052,2.0,5,7
104053,8.0,5,13
104054,8.0,0,8
104055,6.0,5,11
104056,7.0,1,8
104057,1.0,1,2
104058,6.0,5,11
104059,5.0,2,7
104060,7.0,1,8
104061,11.0,3,14
104062,1.0,1,2
104063,5.0,4,9
104064,5.0,3,8
104065,5.0,0,5
104066,3.0,2,5
104067,4.0,3,7
104068,6.0,1,7
104069,7.0,3,10
104070,7.0,6,13
104071,2.0,2,4
104072,5.0,2,7
104073,8.0,2,10
104074,6.0,3,9
104075,8.0,4,12
104076,4.0,8,12
104077,4.0,6,10
104078,3.0,6,9
104079,2.0,2,4
104080,4.0,6,10
104081,5.0,3,8
104082,5.0,5,10
104083,3.0,3,6
104084,4.0,1,5
104085,3.0,2,5
104086,,4,13
104087,2.0,4,6
104088,7.0,1,8
104089,5.0,5,10
104090,6.0,0,6
104091,5.0,1,6
104092,11.0,1,12
104093,3.0,6,9
104094,3.0,3,6
104095,5.0,0,5
104096,5.0,5,10
104097,3.0,1,4
104098,6.0,3,9
104099,5.0,1,6
104100,6.0,3,9
104101,2.0,5,7
104102,5.0,4,9
104103,6.0,3,9
104104,2.0,5,7
104105,8.0,3,11
104106,5.0,3,8
104107,5.0,3,8
104108,12.0,5,17
104109,4.0,2,6
104110,7.0,1,8
104111,5.0,3,8
104112,3.0,2,5
104113,8.0,2,10
104114,3.0,6,9
104115,3.0,3,6
104116,6.0,4,10
104117,4.0,1,5
104118,7.0,4,11
104119,5.0,1,6
104120,4.0,0,4
104121,3.0,7,10
104122,3.0,2,5
104123,6.0,2,8
104124,4.0,5,9
104125,3.0,0,3
104126,7.0,2,9
104127,2.0,2,4
104128,7.0,2,9
104129,3.0,3,6
104130,6.0,3,9
104131,5.0,5,10
104132,4.0,7,11
104133,3.0,2,5
104134,4.0,5,9
104135,6.0,4,10
104136,6.0,5,11
104137,3.0,3,6
104138,3.0,0,3
104139,4.0,1,5
104140,7.0,7,14
104141,5.0,0,5
104142,6.0,1,7
104143,4.0,4,8
104144,2.0,4,6
104145,4.0,1,5
104146,6.0,1,7
104147,6.0,2,8
104148,7.0,2,9
104149,,7,13
104150,2.0,3,5
104151,6.0,2,8
104152,5.0,0,5
104153,3.0,3,6
104154,6.0,0,6
104155,6.0,2,8
104156,11.0,2,13
104157,,2,7
104158,7.0,2,9
104159,5.0,3,8
104160,4.0,6,10
104161,1.0,3,4
104162,7.0,1,8
104163,,1,6
104164,4.0,3,7
104165,6.0,0,6
104166,1.0,5,6
104167,3.0,3,6
104168,,4,9
104169,8.0,8,16
104170,5.0,0,5
104171,2.0,2,4
104172,11.0,1,12
104173,,2,10
104174,3.0,3,6
104175,7.0,2,9
104176,5.0,3,8
104177,,8,11
104178,10.0,1,11
104179,6.0,1,7
104180,7.0,4,11
104181,2.0,2,4
104182,4.0,3,7
104183,8.0,6,14
104184,6.0,4,10
104185,4.0,2,6
104186,7.0,4,11
104187,5.0,3,8
104188,5.0,1,6
104189,,4,8
104190,7.0,2,9
104191,7.0,0,7
104192,5.0,3,8
104193,2.0,5,7
104194,5.0,5,10
104195,1.0,1,2
104196,3.0,5,8
104197,11.0,3,14
104198,4.0,3,7
104199,6.0,6,12
104200,5.0,3,8
104201,11.0,4,15
104202,5.0,3,8
104203,7.0,3,10
104204,6.0,1,7
104205,6.0,4,10
104206,7.0,2,9
104207,6.0,3,9
104208,5.0,4,9
104209,2.0,2,4
104210,3.0,2,5
104211,,5,7
104212,4.0,3,7
104213,6.0,5,11
104214,,3,5
104215,6.0,5,11
104216,6.0,5,11
104217,7.0,2,9
104218,5.0,2,7
104219,2.0,3,5
104220,2.0,2,4
104221,7.0,3,10
104222,3.0,2,5
104223,8.0,3,11
104224,3.0,1,4
104225,3.0,3,6
104226,6.0,4,10
104227,6.0,5,11
104228,4.0,4,8
104229,5.0,1,6
104230,7.0,0,7
104231,5.0,4,9
104232,5.0,5,10
104233,,3,8
104234,4.0,3,7
104235,6.0,5,11
104236,2.0,3,5
104237,4.0,4,8
104238,5.0,2,7
104239,7.0,0,7
104240,3.0,3,6
104241,9.0,3,12
104242,2.0,0,2
104243,3.0,1,4
104244,6.0,6,12
104245,,1,6
104246,7.0,3,10
104247,2.0,3,5
104248,8.0,5,13
104249,7.0,5,12
104250,2.0,2,4
104251,6.0,3,9
104252,3.0,3,6
104253,4.0,4,8
104254,5.0,1,6
104255,4.0,2,6
104256,6.0,7,13
104257,5.0,3,8
104258,6.0,2,8
104259,3.0,3,6
104260,,1,5
104261,3.0,3,6
104262,4.0,2,6
104263,,2,6
104264,5.0,1,6
104265,4.0,2,6
104266,6.0,0,6
104267,5.0,5,10
104268,7.0,2,9
104269,5.0,4,9
104270,5.0,3,8
104271,6.0,4,10
104272,3.0,4,7
104273,7.0,1,8
104274,6.0,3,9
104275,7.0,4,11
104276,7.0,3,10
104277,5.0,1,6
104278,5.0,2,7
104279,,3,8
104280,7.0,5,12
104281,3.0,3,6
104282,6.0,4,10
104283,6.0,6,12
104284,3.0,4,7
104285,8.0,4,12
104286,7.0,2,9
104287,3.0,2,5
104288,4.0,1,5
104289,2.0,2,4
104290,4.0,5,9
104291,3.0,2,5
104292,5.0,3,8
104293,6.0,4,10
104294,6.0,1,7
104295,4.0,1,5
104296,4.0,3,7
104297,5.0,5,10
104298,8.0,2,10
104299,5.0,3,8
104300,8.0,7,15
104301,2.0,3,5
104302,7.0,4,11
104303,11.0,3,14
104304,4.0,0,4
104305,6.0,5,11
104306,3.0,7,10
104307,3.0,2,5
104308,1.0,3,4
104309,3.0,4,7
104310,,1,7
104311,3.0,6,9
104312,2.0,3,5
104313,6.0,4,10
104314,4.0,2,6
104315,3.0,2,5
104316,6.0,6,12
104317,2.0,5,7
104318,3.0,5,8
104319,10.0,3,13
104320,7.0,2,9
104321,4.0,1,5
104322,1.0,2,3
104323,,3,6
104324,7.0,2,9
104325,7.0,7,14
104326,3.0,2,5
104327,7.0,3,10
104328,2.0,2,4
104329,5.0,2,7
104330,2.0,2,4
104331,4.0,3,7
104332,5.0,2,7
104333,3.0,5,8
104334,4.0,2,6
104335,5.0,3,8
104336,2.0,5,7
104337,5.0,2,7
104338,6.0,5,11
104339,2.0,4,6
104340,5.0,7,12
104341,5.0,3,8
104342,7.0,4,11
104343,8.0,2,10
104344,7.0,4,11
104345,,1,5
104346,7.0,4,11
104347,6.0,2,8
104348,7.0,2,9
104349,5.0,1,6
104350,5.0,5,10
104351,5.0,3,8
104352,7.0,3,10
104353,5.0,2,7
104354,2.0,2,4
104355,4.0,1,5
104356,7.0,3,10
104357,7.0,2,9
104358,6.0,1,7
104359,,0,3
104360,1.0,1,2
104361,4.0,2,6
104362,9.0,3,12
104363,5.0,1,6
104364,4.0,3,7
104365,4.0,4,8
104366,7.0,7,14
104367,4.0,6,10
104368,6.0,3,9
104369,2.0,4,6
104370,7.0,2,9
104371,3.0,5,8
104372,3.0,4,7
104373,6.0,4,10
104374,4.0,5,9
104375,7.0,6,13
104376,6.0,2,8
104377,8.0,3,11
104378,3.0,1,4
104379,5.0,3,8
104380,6.0,0,6
104381,3.0,3,6
104382,4.0,1,5
104383,8.0,1,9
104384,4.0,4,8
104385,4.0,6,10
104386,4.0,4,8
104387,4.0,4,8
104388,8.0,2,10
104389,7.0,1,8
104390,7.0,6,13
104391,5.0,2,7
104392,7.0,1,8
104393,4.0,0,4
104394,7.0,6,13
104395,2.0,1,3
104396,2.0,3,5
104397,5.0,2,7
104398,,1,6
104399,8.0,2,10
104400,6.0,3,9
104401,5.0,3,8
104402,8.0,2,10
104403,5.0,4,9
104404,7.0,0,7
104405,4.0,1,5
104406,7.0,2,9
104407,6.0,3,9
104408,5.0,2,7
104409,3.0,3,6
104410,5.0,4,9
104411,5.0,1,6
104412,4.0,5,9
104413,1.0,6,7
104414,6.0,4,10
104415,6.0,5,11
104416,7.0,1,8
104417,8.0,8,16
104418,7.0,4,11
104419,1.0,3,4
104420,5.0,4,9
104421,4.0,3,7
104422,8.0,4,12
104423,3.0,7,10
104424,1.0,3,4
104425,2.0,4,6
104426,3.0,6,9
104427,7.0,6,13
104428,4.0,6,10
104429,7.0,3,10
104430,11.0,2,13
104431,3.0,3,6
104432,7.0,4,11
104433,5.0,4,9
104434,9.0,3,12
104435,5.0,1,6
104436,7.0,3,10
104437,4.0,6,10
104438,3.0,5,8
104439,5.0,2,7
104440,4.0,4,8
104441,8.0,0,8
104442,4.0,7,11
104443,3.0,4,7
104444,5.0,2,7
104445,2.0,0,2
104446,6.0,2,8
104447,6.0,1,7
104448,3.0,3,6
104449,4.0,5,9
104450,5.0,2,7
104451,7.0,4,11
104452,6.0,3,9
104453,3.0,3,6
104454,6.0,7,13
104455,3.0,4,7
104456,6.0,3,9
104457,2.0,2,4
104458,3.0,3,6
104459,4.0,2,6
104460,11.0,1,12
104461,5.0,4,9
104462,,2,6
104463,3.0,3,6
104464,2.0,1,3
104465,7.0,1,8
104466,4.0,2,6
104467,1.0,1,2
104468,0.0,3,3
104469,6.0,0,6
104470,5.0,4,9
104471,5.0,6,11
104472,9.0,5,14
104473,1.0,2,3
104474,2.0,4,6
104475,5.0,0,5
104476,4.0,1,5
104477,5.0,2,7
104478,8.0,5,13
104479,7.0,2,9
104480,5.0,3,8
104481,6.0,5,11
104482,4.0,2,6
104483,4.0,1,5
104484,5.0,1,6
104485,5.0,3,8
104486,3.0,3,6
104487,6.0,5,11
104488,,1,9
104489,3.0,2,5
104490,6.0,3,9
104491,3.0,0,3
104492,8.0,5,13
104493,3.0,2,5
104494,11.0,5,16
104495,8.0,2,10
104496,10.0,5,15
104497,7.0,4,11
104498,9.0,3,12
104499,,2,9
104500,,2,10
104501,8.0,4,12
104502,4.0,3,7
104503,5.0,5,10
104504,6.0,1,7
104505,5.0,3,8
104506,2.0,1,3
104507,5.0,3,8
104508,3.0,4,7
104509,7.0,5,12
104510,1.0,7,8
104511,1.0,2,3
104512,3.0,4,7
104513,2.0,0,2
104514,5.0,3,8
104515,0.0,1,1
104516,4.0,2,6
104517,4.0,2,6
104518,3.0,3,6
104519,,1,3
104520,5.0,1,6
104521,5.0,3,8
104522,3.0,1,4
104523,2.0,2,4
104524,6.0,4,10
104525,2.0,1,3
104526,7.0,1,8
104527,5.0,3,8
104528,10.0,2,12
104529,2.0,1,3
104530,6.0,1,7
104531,6.0,1,7
104532,6.0,2,8
104533,4.0,1,5
104534,6.0,4,10
104535,6.0,1,7
104536,2.0,4,6
104537,3.0,5,8
104538,3.0,3,6
104539,6.0,5,11
104540,2.0,1,3
104541,,5,10
104542,3.0,3,6
104543,8.0,3,11
104544,3.0,4,7
104545,7.0,2,9
104546,2.0,3,5
104547,4.0,2,6
104548,3.0,4,7
104549,,3,9
104550,5.0,1,6
104551,2.0,3,5
104552,12.0,4,16
104553,1.0,0,1
104554,4.0,3,7
104555,6.0,2,8
104556,4.0,3,7
104557,7.0,1,8
104558,5.0,1,6
104559,4.0,4,8
104560,7.0,3,10
104561,7.0,5,12
104562,2.0,2,4
104563,5.0,3,8
104564,3.0,2,5
104565,4.0,1,5
104566,5.0,3,8
104567,7.0,1,8
104568,6.0,2,8
104569,3.0,3,6
104570,6.0,3,9
104571,3.0,2,5
104572,,4,8
104573,5.0,1,6
104574,4.0,2,6
104575,5.0,4,9
104576,4.0,1,5
104577,9.0,3,12
104578,6.0,4,10
104579,1.0,4,5
104580,5.0,3,8
104581,7.0,2,9
104582,2.0,3,5
104583,4.0,1,5
104584,4.0,0,4
104585,2.0,4,6
104586,4.0,2,6
104587,6.0,1,7
104588,3.0,0,3
104589,4.0,1,5
104590,2.0,3,5
104591,6.0,4,10
104592,3.0,2,5
104593,4.0,2,6
104594,4.0,1,5
104595,4.0,6,10
104596,4.0,1,5
104597,6.0,2,8
104598,4.0,3,7
104599,7.0,6,13
104600,4.0,2,6
104601,3.0,3,6
104602,2.0,1,3
104603,4.0,1,5
104604,3.0,1,4
104605,1.0,4,5
104606,4.0,9,13
104607,5.0,5,10
104608,5.0,3,8
104609,4.0,2,6
104610,3.0,4,7
104611,3.0,4,7
104612,,1,7
104613,1.0,4,5
104614,5.0,2,7
104615,4.0,5,9
104616,,4,10
104617,6.0,3,9
104618,8.0,1,9
104619,4.0,1,5
104620,1.0,5,6
104621,7.0,1,8
104622,9.0,5,14
104623,2.0,3,5
104624,5.0,3,8
104625,6.0,5,11
104626,2.0,4,6
104627,10.0,3,13
104628,5.0,2,7
104629,2.0,2,4
104630,5.0,2,7
104631,7.0,5,12
104632,5.0,3,8
104633,5.0,0,5
104634,3.0,1,4
104635,7.0,2,9
104636,2.0,4,6
104637,11.0,1,12
104638,6.0,0,6
104639,5.0,4,9
104640,6.0,4,10
104641,,2,6
104642,4.0,2,6
104643,5.0,1,6
104644,5.0,2,7
104645,1.0,6,7
104646,7.0,1,8
104647,9.0,2,11
104648,6.0,3,9
104649,6.0,2,8
104650,3.0,4,7
104651,6.0,6,12
104652,8.0,7,15
104653,8.0,2,10
104654,,3,11
104655,6.0,9,15
104656,4.0,3,7
104657,3.0,4,7
104658,5.0,2,7
104659,5.0,5,10
104660,3.0,4,7
104661,4.0,1,5
104662,6.0,4,10
104663,4.0,4,8
104664,6.0,3,9
104665,3.0,1,4
104666,3.0,5,8
104667,4.0,4,8
104668,5.0,3,8
104669,3.0,6,9
104670,9.0,2,11
104671,,4,7
104672,4.0,5,9
104673,5.0,1,6
104674,1.0,0,1
104675,2.0,6,8
104676,5.0,4,9
104677,6.0,4,10
104678,3.0,4,7
104679,5.0,1,6
104680,5.0,2,7
104681,6.0,5,11
104682,1.0,5,6
104683,6.0,3,9
104684,5.0,6,11
104685,7.0,3,10
104686,2.0,4,6
104687,2.0,0,2
104688,3.0,1,4
104689,2.0,2,4
104690,4.0,2,6
104691,3.0,7,10
104692,5.0,3,8
104693,5.0,3,8
104694,5.0,2,7
104695,7.0,6,13
104696,4.0,2,6
104697,4.0,5,9
104698,3.0,2,5
104699,6.0,4,10
104700,4.0,5,9
104701,5.0,2,7
104702,5.0,3,8
104703,7.0,1,8
104704,3.0,3,6
104705,7.0,3,10
104706,3.0,2,5
104707,6.0,3,9
104708,6.0,0,6
104709,3.0,2,5
104710,5.0,6,11
104711,4.0,1,5
104712,7.0,3,10
104713,6.0,4,10
104714,4.0,3,7
104715,3.0,1,4
104716,4.0,3,7
104717,3.0,0,3
104718,10.0,4,14
104719,4.0,2,6
104720,1.0,2,3
104721,3.0,2,5
104722,4.0,2,6
104723,4.0,5,9
104724,4.0,3,7
104725,5.0,3,8
104726,5.0,2,7
104727,7.0,2,9
104728,5.0,0,5
104729,11.0,3,14
104730,4.0,4,8
104731,3.0,4,7
104732,4.0,3,7
104733,0.0,3,3
104734,6.0,1,7
104735,,4,11
104736,1.0,3,4
104737,5.0,3,8
104738,6.0,4,10
104739,4.0,3,7
104740,3.0,3,6
104741,3.0,4,7
104742,3.0,1,4
104743,4.0,1,5
104744,6.0,5,11
104745,3.0,0,3
104746,4.0,6,10
104747,6.0,2,8
104748,5.0,4,9
104749,7.0,1,8
104750,5.0,8,13
104751,1.0,1,2
104752,8.0,7,15
104753,6.0,1,7
104754,4.0,0,4
104755,10.0,1,11
104756,3.0,5,8
104757,5.0,2,7
104758,6.0,3,9
104759,5.0,4,9
104760,7.0,5,12
104761,,3,9
104762,3.0,2,5
104763,8.0,2,10
104764,6.0,2,8
104765,7.0,4,11
104766,6.0,2,8
104767,4.0,5,9
104768,6.0,4,10
104769,,2,8
104770,4.0,0,4
104771,3.0,6,9
104772,6.0,8,14
104773,2.0,3,5
104774,7.0,2,9
104775,6.0,2,8
104776,2.0,2,4
104777,6.0,1,7
104778,3.0,0,3
104779,5.0,4,9
104780,,3,9
104781,3.0,2,5
104782,6.0,7,13
104783,7.0,7,14
104784,4.0,0,4
104785,3.0,4,7
104786,9.0,2,11
104787,7.0,2,9
104788,6.0,5,11
104789,11.0,1,12
104790,1.0,2,3
104791,,3,10
104792,7.0,2,9
104793,4.0,3,7
104794,4.0,3,7
104795,2.0,3,5
104796,6.0,4,10
104797,5.0,0,5
104798,6.0,1,7
104799,9.0,5,14
104800,6.0,5,11
104801,6.0,3,9
104802,7.0,5,12
104803,6.0,3,9
104804,8.0,3,11
104805,,3,5
104806,,6,11
104807,10.0,3,13
104808,3.0,6,9
104809,6.0,1,7
104810,6.0,6,12
104811,7.0,2,9
104812,3.0,3,6
104813,10.0,3,13
104814,4.0,0,4
104815,5.0,4,9
104816,1.0,2,3
104817,4.0,2,6
104818,4.0,3,7
104819,6.0,2,8
104820,,4,6
104821,5.0,3,8
104822,5.0,3,8
104823,5.0,6,11
104824,7.0,7,14
104825,7.0,4,11
104826,6.0,3,9
104827,4.0,3,7
104828,5.0,5,10
104829,2.0,3,5
104830,,0,4
104831,9.0,2,11
104832,6.0,1,7
104833,4.0,1,5
104834,8.0,3,11
104835,5.0,4,9
104836,8.0,2,10
104837,3.0,2,5
104838,3.0,5,8
104839,,2,5
104840,5.0,5,10
104841,8.0,6,14
104842,9.0,1,10
104843,7.0,4,11
104844,,1,5
104845,6.0,2,8
104846,7.0,1,8
104847,2.0,5,7
104848,3.0,2,5
104849,2.0,3,5
104850,4.0,5,9
104851,5.0,4,9
104852,6.0,4,10
104853,,1,5
104854,,4,4
104855,6.0,3,9
104856,4.0,2,6
104857,3.0,5,8
104858,5.0,3,8
104859,6.0,2,8
104860,4.0,3,7
104861,5.0,3,8
104862,4.0,4,8
104863,4.0,2,6
104864,4.0,5,9
104865,1.0,7,8
104866,6.0,5,11
104867,5.0,3,8
104868,4.0,4,8
104869,6.0,6,12
104870,5.0,2,7
104871,1.0,3,4
104872,3.0,2,5
104873,6.0,3,9
104874,5.0,1,6
104875,2.0,3,5
104876,6.0,4,10
104877,6.0,1,7
104878,4.0,0,4
104879,5.0,4,9
104880,,3,5
104881,9.0,2,11
104882,4.0,5,9
104883,2.0,2,4
104884,1.0,3,4
104885,5.0,4,9
104886,2.0,1,3
104887,,2,10
104888,6.0,0,6
104889,4.0,5,9
104890,3.0,2,5
104891,8.0,5,13
104892,0.0,3,3
104893,4.0,2,6
104894,2.0,2,4
104895,7.0,2,9
104896,2.0,5,7
104897,4.0,2,6
104898,5.0,4,9
104899,7.0,2,9
104900,1.0,3,4
104901,5.0,4,9
104902,6.0,1,7
104903,2.0,3,5
104904,3.0,2,5
104905,1.0,4,5
104906,7.0,4,11
104907,3.0,3,6
104908,6.0,4,10
104909,4.0,1,5
104910,4.0,2,6
104911,9.0,5,14
104912,11.0,2,13
104913,8.0,2,10
104914,7.0,2,9
104915,5.0,3,8
104916,5.0,2,7
104917,8.0,0,8
104918,6.0,5,11
104919,5.0,3,8
104920,6.0,4,10
104921,4.0,0,4
104922,5.0,2,7
104923,4.0,2,6
104924,3.0,2,5
104925,5.0,3,8
104926,7.0,4,11
104927,6.0,3,9
104928,8.0,4,12
104929,6.0,0,6
104930,6.0,2,8
104931,4.0,2,6
104932,3.0,2,5
104933,5.0,2,7
104934,8.0,3,11
104935,6.0,6,12
104936,5.0,6,11
104937,6.0,1,7
104938,9.0,2,11
104939,9.0,4,13
104940,6.0,6,12
104941,4.0,4,8
104942,5.0,4,9
104943,4.0,5,9
104944,3.0,2,5
104945,10.0,5,15
104946,3.0,3,6
104947,7.0,3,10
104948,9.0,2,11
104949,2.0,1,3
104950,7.0,4,11
104951,3.0,4,7
104952,8.0,5,13
104953,8.0,2,10
104954,4.0,4,8
104955,6.0,3,9
104956,4.0,2,6
104957,4.0,3,7
104958,5.0,3,8
104959,5.0,1,6
104960,7.0,5,12
104961,3.0,3,6
104962,3.0,2,5
104963,,5,7
104964,3.0,0,3
104965,3.0,1,4
104966,4.0,1,5
104967,3.0,1,4
104968,6.0,3,9
104969,6.0,3,9
104970,7.0,7,14
104971,8.0,3,11
104972,4.0,3,7
104973,4.0,5,9
104974,5.0,2,7
104975,6.0,0,6
104976,7.0,2,9
104977,10.0,3,13
104978,3.0,2,5
104979,3.0,5,8
104980,4.0,5,9
104981,,0,2
104982,1.0,2,3
104983,4.0,4,8
104984,6.0,2,8
104985,4.0,3,7
104986,6.0,0,6
104987,5.0,5,10
104988,3.0,4,7
104989,5.0,1,6
104990,10.0,5,15
104991,2.0,3,5
104992,8.0,3,11
104993,4.0,4,8
104994,6.0,3,9
104995,2.0,4,6
104996,4.0,3,7
104997,7.0,4,11
104998,6.0,2,8
104999,3.0,4,7
